ticker,sector,fiscal_year,revenue,cogs,gross_profit,ebitda,ebit,dep_amort,interest_expense,tax_expense,net_income,eps,cash,current_assets,total_assets,current_liabilities,total_debt,short_term_debt,long_term_debt,equity,cfo,capex,financing_cash_flow,investing_cash_flow,gross_margin,ebitda_margin,ebit_margin,net_margin,roe,roa,asset_turnover,working_capital,current_ratio,debt_to_equity,interest_coverage,fcf,fcf_margin,cfo_to_net_income
AAPL,Technology,2016,215639.0,131376.0,84263.0,70529.0,60024.0,10505.0,1456.0,15685.0,45687.0,8.31,20484.0,106869.0,321686.0,79006.0,78927.0,3500.0,75427.0,128249.0,66231.0,12734.0,-20890.0,-45977.0,0.3907595564809705,0.3270697786578495,0.27835410106706115,0.211867983064288,0.3562366958026963,0.14202358821956815,0.670340021014281,27863.0,1.352669417512594,0.6154200032748793,41.22527472527472,53497.0,0.24808592137785837,1.4496683958237573
AAPL,Technology,2017,229234.0,141048.0,88186.0,71501.0,61344.0,10157.0,2323.0,15738.0,48351.0,9.21,20289.0,128645.0,375319.0,100814.0,103703.0,6496.0,97207.0,134047.0,64225.0,12451.0,-17974.0,-46446.0,0.38469860491899105,0.3119127180086724,0.2676042820872994,0.21092420845075338,0.3607018433832909,0.12882641166580963,0.6107711040474902,27831.0,1.2760628484139107,0.7736316366647519,26.40723202755058,51774.0,0.22585654833052687,1.3283075841244234
AAPL,Technology,2018,265595.0,163756.0,101839.0,81801.0,70898.0,10903.0,3240.0,13372.0,59531.0,2.98,25913.0,131339.0,365725.0,115929.0,102519.0,8784.0,93735.0,107147.0,77434.0,13313.0,-87876.0,16066.0,0.38343718820007905,0.3079914908036672,0.26694026619477024,0.22414202074587247,0.5556011834209077,0.16277530931710985,0.7262150522933899,15410.0,1.1329261875803294,0.9568070034625328,21.882098765432097,64121.0,0.24142397258984544,1.300734071324184
AAPL,Technology,2019,260174.0,161782.0,98392.0,76477.0,63930.0,12547.0,3576.0,10481.0,55256.0,2.97,48844.0,162819.0,338516.0,105718.0,102067.0,10260.0,91807.0,90488.0,69391.0,10495.0,-90976.0,45896.0,0.3781776810903472,0.29394559025882677,0.24572017188496928,0.21238094505984456,0.6106445053487756,0.16323009842961633,0.7685722388306608,57101.0,1.540125617208044,1.12796171868093,17.87751677852349,58896.0,0.22637158209505945,1.2558093238743304
AAPL,Technology,2020,274515.0,169559.0,104956.0,77344.0,66288.0,11056.0,2873.0,9680.0,57411.0,3.28,38016.0,143713.0,323888.0,105392.0,107440.0,8773.0,98667.0,65339.0,80674.0,7309.0,-86820.0,-4289.0,0.38233247727810865,0.2817478097736007,0.24147314354406862,0.20913611278072236,0.8786635853012749,0.1772557180259843,0.8475615027416885,38321.0,1.3636044481554577,1.6443471739696047,23.07274625826662,73365.0,0.2672531555652697,1.405201093867029
AAPL,Technology,2021,365817.0,212981.0,152836.0,120233.0,108949.0,11284.0,2645.0,14527.0,94680.0,5.61,34940.0,134836.0,351002.0,125481.0,118719.0,9613.0,109106.0,63090.0,104038.0,11085.0,-93353.0,-14545.0,0.4177935962516778,0.3286697993805646,0.29782377527561593,0.2588179335569424,1.5007132667617689,0.26974205275183616,1.042207736708053,9355.0,1.0745531195957954,1.8817403708987162,41.19054820415879,92953.0,0.2540969938521173,1.0988381918039714
AAPL,Technology,2022,394328.0,223546.0,170782.0,130541.0,119437.0,11104.0,2931.0,19300.0,99803.0,6.11,23646.0,135405.0,352755.0,153982.0,110087.0,11128.0,98959.0,50672.0,122151.0,10708.0,-110749.0,-22354.0,0.43309630561360085,0.3310467428130896,0.30288744395528594,0.2530964070519973,1.9695887275023682,0.2829244092925685,1.1178523337727317,-18577.0,0.8793560286267226,2.172541048310704,40.74957352439441,111443.0,0.2826149804223895,1.2239211246154926
AAPL,Technology,2023,383285.0,214137.0,169148.0,125820.0,114301.0,11519.0,3933.0,16741.0,96995.0,6.13,29965.0,143566.0,352583.0,145308.0,105103.0,9822.0,95281.0,62146.0,110543.0,10959.0,-108488.0,3705.0,0.4413112957720756,0.3282674772036474,0.2982141226502472,0.2530623426432028,1.5607601454639075,0.27509834563776475,1.087077369016657,-1742.0,0.9880116717592975,1.6912271103530396,29.062039155860667,99584.0,0.25981710737440805,1.1396773029537606
AAPL,Technology,2024,391035.0,210352.0,180683.0,134661.0,123216.0,11445.0,,29749.0,93736.0,6.08,29943.0,152987.0,364980.0,176392.0,96662.0,10912.0,85750.0,56950.0,118254.0,9447.0,-121983.0,2935.0,0.4620634981523393,0.3443707085043538,0.31510222870075566,0.23971255769943867,1.6459350307287095,0.25682503150857583,1.0713874732862074,-23405.0,0.8673125765340832,1.6973134328358208,,108807.0,0.27825386474356517,1.2615643936161134
AAPL,Technology,2025,416161.0,220960.0,195201.0,144748.0,133050.0,11698.0,,20719.0,112010.0,7.46,35934.0,147957.0,359241.0,165631.0,90678.0,12350.0,78328.0,73733.0,111482.0,12715.0,-120686.0,15195.0,0.4690516410716045,0.3478173110887373,0.31970799762591884,0.2691506412181824,1.5191298333175105,0.3117962593356549,1.1584451663368045,-17674.0,0.8932929222186667,1.229815686327696,,98767.0,0.23732882225869315,0.995286135166503
MSFT,Technology,2017,96571.0,34261.0,62310.0,35125.0,29025.0,6100.0,2222.0,4412.0,25489.0,3.25,7663.0,162696.0,250312.0,55745.0,77122.0,1049.0,76073.0,87711.0,39507.0,8129.0,8408.0,-46781.0,0.6452247569146017,0.3637220283521968,0.3005560675565128,0.26394052044609667,0.2906020909578046,0.10182891751094635,0.3858025184569657,106951.0,2.918575657009597,0.8792739793184435,13.062556255625562,31378.0,0.3249215603027824,1.5499627290203617
MSFT,Technology,2018,110360.0,38353.0,72007.0,42758.0,35058.0,7700.0,2733.0,19903.0,16571.0,2.13,11946.0,169662.0,258848.0,58488.0,76240.0,3998.0,72242.0,82718.0,43884.0,11632.0,-33590.0,-6061.0,0.652473722363175,0.38744110184849584,0.3176694454512505,0.1501540413193186,0.20033124591987234,0.06401826554580294,0.4263505995796761,111174.0,2.900800164136233,0.9216857274112044,12.827661909989024,32252.0,0.2922435665096049,2.6482409027819687
MSFT,Technology,2019,125843.0,42910.0,82933.0,52659.0,42959.0,9700.0,2686.0,4448.0,39240.0,5.06,11356.0,175552.0,286556.0,69420.0,72178.0,5516.0,66662.0,102330.0,52185.0,13925.0,-36887.0,-15773.0,0.6590195720063889,0.41844997337952844,0.3413698020549415,0.3118171054409065,0.3834652594547054,0.13693658482111698,0.43915674423149403,106132.0,2.5288389513108616,0.705345450991889,15.99367088607595,38260.0,0.30402962421429874,1.3298929663608563
MSFT,Technology,2020,143015.0,46078.0,96937.0,63659.0,52959.0,10700.0,2591.0,8755.0,44281.0,5.76,13576.0,181915.0,301311.0,72310.0,63327.0,3749.0,59578.0,118304.0,60675.0,15441.0,-46031.0,-12223.0,0.6778100199279796,0.44512114113904133,0.37030381428521486,0.3096248645247002,0.37429841763592103,0.14696111326835065,0.4746424790332912,109605.0,2.5157654542940118,0.5352904381931296,20.439598610575068,45234.0,0.3162885012061672,1.370226507983108
MSFT,Technology,2021,168088.0,52232.0,115856.0,79216.0,69916.0,9300.0,2346.0,9831.0,61271.0,8.05,14224.0,184406.0,333779.0,88657.0,58146.0,8072.0,50074.0,141988.0,76740.0,20622.0,-48486.0,-27577.0,0.689258007710247,0.4712769501689591,0.415948788729713,0.36451739564989766,0.4315223821731414,0.18356757015869782,0.5035906992351227,95749.0,2.0799936835218875,0.4095134800123954,29.80221653878943,56118.0,0.33386083480081863,1.2524685413980512
MSFT,Technology,2022,198270.0,62650.0,135620.0,95983.0,83383.0,12600.0,2063.0,10978.0,72738.0,9.65,13931.0,169684.0,364840.0,95082.0,49781.0,2749.0,47032.0,166542.0,89035.0,23886.0,-58876.0,-30311.0,0.684016744842891,0.4841024865082968,0.4205527815604983,0.3668633681343622,0.4367546925099975,0.19936958666812848,0.5434437013485364,74602.0,1.7846069708251824,0.2989095843691081,40.41832283082889,65149.0,0.3285872799717557,1.224050702521378
MSFT,Technology,2023,211915.0,65863.0,146052.0,99523.0,88523.0,11000.0,1968.0,16950.0,72361.0,9.68,34704.0,184257.0,411976.0,104149.0,47237.0,5247.0,41990.0,206223.0,87582.0,28107.0,-43935.0,-22680.0,0.6892008588349102,0.46963641082509494,0.417728806361041,0.3414623787839464,0.35088714643856406,0.175643726819038,0.5143867603938094,80108.0,1.76916725076573,0.2290578645446919,44.98119918699187,59475.0,0.2806549795908737,1.2103481156976825
MSFT,Technology,2024,245122.0,74114.0,171008.0,124633.0,109433.0,15200.0,2935.0,19651.0,88136.0,11.8,18315.0,159734.0,512163.0,125286.0,44937.0,2249.0,42688.0,268477.0,118548.0,44477.0,-37757.0,-96970.0,0.6976444382797138,0.5084529336412072,0.44644299573273716,0.35955972944084985,0.32828137978299815,0.17208583985957596,0.47860153896318164,34448.0,1.2749549031815206,0.16737746622615718,37.285519591141394,74071.0,0.3021801388696241,1.345057638195516
MSFT,Technology,2025,281724.0,87831.0,193893.0,150528.0,128528.0,22000.0,2385.0,21795.0,101832.0,13.64,30242.0,191131.0,619003.0,141218.0,43151.0,2999.0,40152.0,343479.0,136162.0,64551.0,-51699.0,-72599.0,0.6882374238616519,0.5343101759168548,0.4562195624085985,0.3614601524896707,0.2964722734140952,0.16450970350709124,0.4551254194244616,49913.0,1.3534464445042416,0.12562922332951942,53.89014675052411,71611.0,0.2541884965427156,1.3371238903291696
MSFT,Technology,2026,331839.0,106374.0,225465.0,189537.0,155237.0,34300.0,3051.0,32185.0,133749.0,17.95,20935.0,207710.0,758376.0,168825.0,40294.0,9227.0,31067.0,442387.0,182935.0,115948.0,-52546.0,-139500.0,0.6794409337058032,0.5711715621129524,0.4678081840892722,0.4030538905915218,0.30233483352811,0.17636238488559763,0.4375652710528814,38885.0,1.2303272619576484,0.09108314665666034,50.880694854146185,66987.0,0.20186596512164032,1.367748543914347
GOOGL,Communication Services,2016,90272.0,35138.0,55134.0,,23716.0,,124.0,4672.0,19478.0,27.85,12918.0,105408.0,167497.0,16756.0,3935.0,0.0,3935.0,139036.0,36036.0,10212.0,-8332.0,-31165.0,0.6107541651896491,,0.26271712158808935,0.2157701169797944,0.140093213268506,0.11628864994596919,0.5389469662143203,88652.0,6.290761518262115,0.028302022497770363,191.25806451612902,25824.0,0.2860687699397377,1.8500872779546154
GOOGL,Communication Services,2017,110855.0,45583.0,65272.0,,26178.0,,109.0,14531.0,12662.0,18.0,10715.0,124308.0,197295.0,24183.0,3943.0,,3943.0,152502.0,37091.0,13184.0,-8298.0,-31401.0,0.5888051959767263,,0.23614631726128726,0.11422128005051645,0.08302841929941902,0.06417800755214273,0.5618743505917535,100125.0,5.140305173055452,0.025855398617723048,240.1651376146789,23907.0,0.21566009652248433,2.929316063812984
GOOGL,Communication Services,2018,136819.0,59549.0,77270.0,,27524.0,,114.0,4177.0,30736.0,43.7,16701.0,135676.0,232792.0,34620.0,3950.0,,3950.0,177628.0,47971.0,25139.0,-13179.0,-28504.0,0.5647607422945643,,0.20117089000796673,0.22464716157843576,0.17303578264688,0.13203202859204782,0.5877306780301729,101056.0,3.919006354708261,0.022237485081180897,241.43859649122808,22832.0,0.1668774073776303,1.5607431025507548
GOOGL,Communication Services,2019,161857.0,71896.0,89961.0,,34231.0,,100.0,5282.0,34343.0,49.16,18498.0,152578.0,275909.0,45221.0,3958.0,0.0,3958.0,201442.0,54520.0,23548.0,-23209.0,-29491.0,0.5558054331910266,,0.2114891540063142,0.2121811228430034,0.17048579740074066,0.1244721991671167,0.5866318242608977,107357.0,3.374051878552,0.01964833550103752,342.31,30972.0,0.19135409651729612,1.5875141950324665
GOOGL,Communication Services,2020,182527.0,84732.0,97795.0,,41224.0,,135.0,7813.0,40269.0,2.93,26465.0,174296.0,319616.0,56834.0,16318.0,999.0,15319.0,222544.0,65124.0,22281.0,-24408.0,-32773.0,0.5357837470620785,,0.22585151785763202,0.22061941520980458,0.18094848659141563,0.12599181517821387,0.57108217360833,117462.0,3.0667558151810534,0.07332482565245524,305.36296296296297,42843.0,0.23472143847211646,1.617224167473739
GOOGL,Communication Services,2021,257637.0,110939.0,146698.0,88987.0,78714.0,10273.0,346.0,14701.0,76033.0,5.61,20945.0,188143.0,359268.0,64254.0,15440.0,0.0,15440.0,251635.0,91652.0,24640.0,-61362.0,-35523.0,0.5693980290098084,0.34539681800362526,0.3055228868524319,0.2951167728237792,0.30215590041131,0.21163309841121392,0.7171164701559838,123889.0,2.928113424845146,0.06135871401037216,227.4971098265896,67012.0,0.2601023921253547,1.2054239606486656
GOOGL,Communication Services,2022,282836.0,126203.0,156633.0,88317.0,74842.0,13475.0,357.0,11356.0,59972.0,4.56,21879.0,164795.0,365264.0,69300.0,15312.0,0.0,15312.0,256144.0,91495.0,31485.0,-69757.0,-20298.0,0.5537944250378312,0.3122551584663904,0.2646127084246701,0.2120380715326196,0.2341339246673746,0.16418809409084936,0.7743330851110429,95495.0,2.377994227994228,0.05977887438315947,209.64145658263305,60010.0,0.21217242500954617,1.5256286266924566
GOOGL,Communication Services,2023,307394.0,133332.0,174062.0,96239.0,84293.0,11946.0,308.0,11922.0,73795.0,5.8,24048.0,171530.0,402392.0,81814.0,12870.0,1000.0,11870.0,283379.0,101746.0,32251.0,-72093.0,-27063.0,0.566250479840205,0.3130802813327521,0.27421810445226646,0.24006649446638517,0.26041096905557576,0.18339082287918249,0.7639167776695361,89716.0,2.096584936563424,0.045416209387428144,273.67857142857144,69495.0,0.22607793255561268,1.3787654990175486
GOOGL,Communication Services,2024,350018.0,146306.0,203712.0,127701.0,112390.0,15311.0,268.0,19697.0,100118.0,8.04,23466.0,163711.0,450256.0,89122.0,11882.0,999.0,10883.0,325084.0,125299.0,52535.0,-79733.0,-45536.0,0.5820043540617911,0.3648412367363964,0.32109777211457696,0.28603671811164,0.30797578472025694,0.22235794747876764,0.7773755374720159,74589.0,1.8369313974102914,0.0365505530878173,419.36567164179104,72764.0,0.20788645155392008,1.2515132144069998
GOOGL,Communication Services,2025,402836.0,162535.0,240301.0,150175.0,129039.0,21136.0,736.0,26656.0,132170.0,10.81,30708.0,206038.0,595281.0,102745.0,48543.0,1996.0,46547.0,415265.0,164713.0,91447.0,-37388.0,-120291.0,0.5965231508603998,0.3727943877905649,0.32032638592380025,0.3280987796522654,0.3182786895115167,0.22202959610671263,0.6767157023321759,103293.0,2.005333592875566,0.11689643962289141,175.32472826086956,73266.0,0.18187550268595656,1.2462207762729818
AMZN,Consumer Discretionary,2016,135987.0,88265.0,47722.0,12302.0,4186.0,8116.0,484.0,1425.0,2371.0,4.9,19334.0,45781.0,83402.0,43816.0,8750.0,1056.0,7694.0,19285.0,17203.0,6737.0,-3716.0,-9516.0,0.35093060366064405,0.0904645296976917,0.030782354195621642,0.017435490157147373,0.12294529427015816,0.02842857485432004,1.6305004676146855,1965.0,1.044846631367537,0.4537205081669691,8.648760330578513,10466.0,0.07696323913315244,7.25558835934205
AMZN,Consumer Discretionary,2017,177866.0,111934.0,65932.0,15584.0,4106.0,11478.0,848.0,769.0,3033.0,6.15,20522.0,60197.0,131310.0,57883.0,24843.0,100.0,24743.0,27709.0,18365.0,11955.0,9928.0,-27084.0,0.3706835482891615,0.08761652030180023,0.023084794170892695,0.01705216286417865,0.10945902053484427,0.023098012337217273,1.3545503008148656,2314.0,1.039977195376881,0.8965679021256632,4.841981132075472,6410.0,0.03603836596089191,6.055060995713815
AMZN,Consumer Discretionary,2018,232887.0,139156.0,93731.0,27762.0,12421.0,15341.0,1417.0,1197.0,10073.0,20.14,31750.0,75101.0,162648.0,68391.0,24866.0,1371.0,23495.0,43549.0,30723.0,13427.0,-7686.0,-12369.0,0.4024741612885219,0.11920802792770743,0.053334879147397665,0.04325273630559026,0.231302670555007,0.06193128719689145,1.431846687324775,6710.0,1.098112324721089,0.5709890008955429,8.765702187720537,17296.0,0.0742677779352218,3.050034746351633
AMZN,Consumer Discretionary,2019,280522.0,165536.0,114986.0,36330.0,14541.0,21789.0,1600.0,2374.0,11588.0,23.01,36092.0,96334.0,225248.0,87812.0,24719.0,1305.0,23414.0,62060.0,38514.0,16861.0,-10066.0,-24281.0,0.4099001147860061,0.12950855904349748,0.05183550666257905,0.04130870306072251,0.1867225265871737,0.051445517829237106,1.245391745986646,8522.0,1.0970482394205803,0.39830808894618114,9.088125,21653.0,0.07718824192041979,3.323610631687953
AMZN,Consumer Discretionary,2020,386064.0,233307.0,152757.0,48079.0,22899.0,25180.0,1647.0,2863.0,21331.0,2.09,42122.0,132733.0,321195.0,126385.0,32971.0,1155.0,31816.0,93404.0,66064.0,40140.0,-1104.0,-59611.0,0.3956779186870571,0.12453634630527581,0.05931399975133657,0.05525249699531684,0.22837351719412444,0.06641137004000686,1.2019614253023865,6348.0,1.0502274795268425,0.3529934478180806,13.903460837887067,25924.0,0.06714948816776493,3.097088744081384
AMZN,Consumer Discretionary,2021,469822.0,272344.0,197478.0,59312.0,24879.0,34433.0,1809.0,4791.0,33364.0,3.24,36220.0,161580.0,420549.0,142266.0,50235.0,1491.0,48744.0,138245.0,46327.0,61053.0,6291.0,-58154.0,0.420325144416396,0.12624355607017126,0.052954097509269465,0.07101412875514557,0.2413396506202756,0.07933439385184604,1.1171635172120253,19314.0,1.1357597739445826,0.3633766139824225,13.75290215588723,-14726.0,-0.03134378551877094,1.3885325500539503
AMZN,Consumer Discretionary,2022,513983.0,288831.0,225152.0,54169.0,12248.0,41921.0,2367.0,-3217.0,-2722.0,-0.27,53888.0,146791.0,462675.0,155393.0,70149.0,2999.0,67150.0,146043.0,46752.0,63645.0,9718.0,-37601.0,0.43805339865326287,0.10539064521589235,0.023829581912242232,-0.005295895000418302,-0.018638346240490815,-0.0058831793375479545,1.1108942562273734,-8602.0,0.9446435811136924,0.48033113535054744,5.174482467258133,-16893.0,-0.032866845790619534,-17.1756061719324
AMZN,Consumer Discretionary,2023,574785.0,304739.0,270046.0,85515.0,36852.0,48663.0,3182.0,7120.0,30425.0,2.9,73387.0,172351.0,527854.0,164917.0,66808.0,8494.0,58314.0,201875.0,84946.0,52729.0,-15879.0,-49833.0,0.46982088955000567,0.1487773689292518,0.0641144079960333,0.05293283575597832,0.15071207430340558,0.057639044129626754,1.0889090543976174,7434.0,1.0450772206625152,0.3309374613003096,11.581395348837209,32217.0,0.0560505232391242,2.7919802793755135
AMZN,Consumer Discretionary,2024,637959.0,326288.0,311671.0,121388.0,68593.0,52795.0,2406.0,9265.0,59248.0,5.53,78779.0,190867.0,624894.0,179431.0,57640.0,5017.0,52623.0,285970.0,115877.0,82999.0,-11812.0,-94342.0,0.48854393464156787,0.19027555062315918,0.1075194487420038,0.09287117197186653,0.2071825715984194,0.09481288026449286,1.020907545919788,11436.0,1.063734806137178,0.20155960415428192,28.509143807148796,32878.0,0.05153622724971354,1.9557959762354848
AMZN,Consumer Discretionary,2025,716924.0,356414.0,360510.0,145731.0,79975.0,65756.0,2274.0,19087.0,77670.0,7.17,86810.0,229083.0,818042.0,218005.0,68396.0,2748.0,65648.0,411065.0,139514.0,131819.0,9661.0,-142545.0,0.5028566486824266,0.2032725923528854,0.11155296795755199,0.10833784334183261,0.1889482198679041,0.09494622525493801,0.8763902097936291,11078.0,1.0508153482718285,0.16638731100920778,35.16930518909411,7695.0,0.010733355278941701,1.796240504699369
NVDA,Technology,2016,6910.0,2847.0,4063.0,2121.0,1934.0,187.0,58.0,239.0,1666.0,2.57,1766.0,8536.0,9841.0,1788.0,1983.0,,1983.0,5762.0,1672.0,,291.0,-793.0,0.5879884225759768,0.3069464544138929,0.27988422575976846,0.2410998552821997,0.28913571676501215,0.16929173864444672,0.7021644141855502,6748.0,4.774049217002237,0.3441513363415481,33.3448275862069,,,1.0036014405762306
NVDA,Technology,2017,9714.0,3892.0,5822.0,3409.0,3210.0,199.0,61.0,149.0,3047.0,4.82,4002.0,9255.0,11241.0,1153.0,1985.0,,1985.0,7471.0,3502.0,,-2544.0,1278.0,0.5993411570928556,0.35093679225859586,0.3304508956145769,0.3136709903232448,0.4078436621603534,0.2710612934792278,0.8641579930611155,8102.0,8.026886383347788,0.26569401686521216,52.622950819672134,,,1.14932720708894
NVDA,Technology,2018,11716.0,4545.0,7171.0,4066.0,3804.0,262.0,58.0,-245.0,4141.0,6.63,782.0,10557.0,13292.0,1329.0,1988.0,,1988.0,9342.0,3743.0,,-2866.0,-4097.0,0.6120689655172413,0.34704677364288156,0.3246841925571868,0.35344827586206895,0.44326696638835367,0.3115407764068613,0.8814324405657539,9228.0,7.943566591422122,0.21280239777349605,65.58620689655173,,,0.9038879497705868
NVDA,Technology,2019,10918.0,4150.0,6768.0,3227.0,2846.0,381.0,52.0,174.0,2796.0,1.13,10896.0,13690.0,17315.0,1784.0,1991.0,0.0,1991.0,12204.0,4761.0,,-792.0,6145.0,0.619893753434695,0.29556695365451546,0.2606704524638212,0.2560908591317091,0.22910521140609635,0.16147848686110308,0.630551544903263,11906.0,7.673766816143497,0.16314323172730252,54.73076923076923,,,1.7027896995708154
NVDA,Technology,2020,16675.0,6279.0,10396.0,5630.0,4532.0,1098.0,184.0,77.0,4332.0,1.73,847.0,16055.0,28791.0,3925.0,6963.0,999.0,5964.0,16893.0,5822.0,,3804.0,-19675.0,0.623448275862069,0.3376311844077961,0.271784107946027,0.25979010494752625,0.2564375776949032,0.1504636865687194,0.5791740474453823,12130.0,4.090445859872611,0.41218256082400995,24.630434782608695,,,1.3439519852262234
NVDA,Technology,2021,26914.0,9439.0,17475.0,11215.0,10041.0,1174.0,236.0,189.0,9752.0,3.85,1990.0,28829.0,44187.0,4335.0,10946.0,0.0,10946.0,26612.0,9108.0,976.0,1865.0,-9830.0,0.6492903321691313,0.4166976294865126,0.3730772088875678,0.3623393029649996,0.3664512250112731,0.22069839545567702,0.6090931721999683,24494.0,6.650288350634371,0.41131820231474525,42.54661016949152,8132.0,0.3021475811845136,0.9339622641509434
NVDA,Technology,2022,26974.0,11618.0,15356.0,5768.0,4224.0,1544.0,262.0,-187.0,4368.0,0.17,3389.0,23073.0,41182.0,6563.0,10953.0,1250.0,9703.0,22101.0,5641.0,1833.0,-11617.0,7375.0,0.5692889449099132,0.213835545339957,0.1565952398606065,0.16193371394676356,0.19763811592235644,0.10606575688407557,0.6549949006847652,16510.0,3.515617857687033,0.4955884349124474,16.12213740458015,3808.0,0.14117298138948617,1.291437728937729
NVDA,Technology,2023,60922.0,16621.0,44301.0,34480.0,32972.0,1508.0,257.0,4058.0,29760.0,1.19,7280.0,44345.0,65728.0,10631.0,9709.0,1250.0,8459.0,42978.0,28090.0,1069.0,-13633.0,-10566.0,0.7271757329043695,0.5659696004727356,0.5412166376678376,0.4884934834706674,0.6924472986178976,0.4527750730282376,0.9268804771178188,33714.0,4.171291505973097,0.22590627763041557,128.295719844358,27021.0,0.4435343554052723,0.9438844086021505
NVDA,Technology,2024,130497.0,32639.0,97858.0,83317.0,81453.0,1864.0,247.0,11146.0,72880.0,2.94,8589.0,80126.0,111601.0,18047.0,8463.0,0.0,8463.0,79327.0,64089.0,3236.0,-42359.0,-20421.0,0.7498869705816992,0.6384591216656321,0.6241752683969747,0.5584802715771244,0.9187288060811577,0.6530407433625147,1.169317479234057,62079.0,4.439851498864077,0.10668498745698186,329.7692307692308,60853.0,0.46631723334636044,0.8793770581778265
NVDA,Technology,2025,215938.0,62475.0,153463.0,133230.0,130387.0,2843.0,259.0,21383.0,120067.0,4.9,10605.0,125605.0,206803.0,32163.0,8468.0,999.0,7469.0,157293.0,102718.0,6042.0,-48474.0,-52228.0,0.7106808435754708,0.6169826524280118,0.6038168363141272,0.5560253406070261,0.7633333969089534,0.5805863551302447,1.0441724733200195,93442.0,3.905263812455306,0.05383583503398117,503.42471042471044,96676.0,0.44770258129648327,0.855505675997568
META,Communication Services,2016,27638.0,3789.0,23849.0,14769.0,12427.0,2342.0,10.0,2301.0,10217.0,3.49,8903.0,34401.0,64961.0,2875.0,,,,59194.0,16108.0,4491.0,-310.0,-11792.0,0.8629061437151747,0.5343729647586656,0.4496345611115131,0.36967219046240685,0.17260195290063182,0.15727898277427996,0.42545527316389836,31526.0,11.965565217391305,,1242.7,11617.0,0.4203270858962298,1.5765880395419398
META,Communication Services,2017,40653.0,5454.0,35199.0,23228.0,20203.0,3025.0,6.0,4660.0,15934.0,5.39,8079.0,48563.0,84524.0,3760.0,,,,74347.0,24216.0,6733.0,-5235.0,-20118.0,0.8658401593978304,0.5713723464442969,0.4969620938184144,0.39195139350109465,0.21431934039033182,0.18851450475604561,0.4809639865600303,44803.0,12.915691489361702,,3367.1666666666665,17483.0,0.43005436253167045,1.519769047320196
META,Communication Services,2018,55838.0,9355.0,46483.0,29228.0,24913.0,4315.0,9.0,3249.0,22112.0,7.57,10019.0,50480.0,97334.0,7017.0,,,,84127.0,29274.0,13915.0,-15572.0,-11603.0,0.8324617643898421,0.5234428167197965,0.4461656936136681,0.39600272216053584,0.2628407051243953,0.2271765261881768,0.5736741529167608,43463.0,7.193957531708707,,2768.1111111111113,15359.0,0.2750635767756725,1.3238965267727931
META,Communication Services,2019,70697.0,12770.0,57927.0,29727.0,23986.0,5741.0,20.0,6327.0,18485.0,6.43,19079.0,66225.0,133376.0,15053.0,,,,101054.0,36314.0,15102.0,-7299.0,-19864.0,0.8193699874110641,0.42048460330707105,0.3392788944368219,0.2614679547929898,0.18292200209788825,0.13859315019193857,0.5300578814779271,51172.0,4.399455258088088,,1199.3,21212.0,0.30004102012815254,1.9645117662969975
META,Communication Services,2020,85965.0,16692.0,69273.0,39533.0,32671.0,6862.0,,4034.0,29146.0,10.09,17576.0,75670.0,159316.0,14981.0,,,,128290.0,38747.0,15163.0,-10292.0,-30059.0,0.8058279532367824,0.45987320421101613,0.3800500203571221,0.3390449601582039,0.22718840127835374,0.18294458811418815,0.539587988651485,60689.0,5.051064681930446,,,23584.0,0.2743442098528471,1.3294105537638097
META,Communication Services,2021,117929.0,22649.0,95280.0,54720.0,46753.0,7967.0,23.0,7914.0,39370.0,13.77,16601.0,66666.0,165987.0,21135.0,0.0,,0.0,124879.0,57683.0,18690.0,-50728.0,-7570.0,0.8079437627725157,0.4640080048164574,0.39645040660058173,0.3338449405998525,0.31526517669103693,0.23718724960388465,0.7104713019694313,45531.0,3.154293825408091,0.0,2032.7391304347825,38993.0,0.33064810182397886,1.4651511303022606
META,Communication Services,2022,116609.0,25249.0,91360.0,37630.0,28944.0,8686.0,185.0,5619.0,23200.0,8.59,14681.0,59549.0,185727.0,27026.0,9923.0,,9923.0,125713.0,50475.0,31186.0,-22136.0,-28970.0,0.7834729737841848,0.32270236431150257,0.24821411726367604,0.19895548371051977,0.18454734196145187,0.12491452508251358,0.6278516316959839,32523.0,2.203396729075705,0.07893376182256409,156.45405405405404,19289.0,0.16541604850397482,2.175646551724138
META,Communication Services,2023,134902.0,25959.0,108943.0,57929.0,46751.0,11178.0,446.0,8330.0,39098.0,14.87,41862.0,85365.0,229623.0,31960.0,18385.0,,18385.0,153168.0,71113.0,27045.0,-19500.0,-24495.0,0.8075714222176098,0.42941542749551526,0.3465552771641636,0.28982520644616094,0.25526219575890524,0.1702703997421861,0.5874934131162819,53405.0,2.6709949937421777,0.12003159928966886,104.82286995515695,44068.0,0.3266667655038472,1.8188398383549031
META,Communication Services,2024,164501.0,30161.0,134340.0,84878.0,69380.0,15498.0,715.0,8303.0,62360.0,23.86,43889.0,100045.0,276054.0,33596.0,28826.0,,28826.0,182637.0,91328.0,37256.0,-40781.0,-47150.0,0.8166515705071702,0.5159725472793478,0.42176035404040096,0.3790858414234564,0.34144231453648494,0.22589783158367566,0.5959015265129286,66449.0,2.9778842719371355,0.157832202675252,97.03496503496504,54072.0,0.3287031689776962,1.4645285439384221
META,Communication Services,2025,200966.0,36175.0,164791.0,101892.0,83276.0,18616.0,1165.0,25474.0,60458.0,23.49,35873.0,108722.0,366021.0,41836.0,58744.0,,58744.0,217243.0,115800.0,69691.0,-20370.0,-102003.0,0.8199944269179861,0.5070111362120956,0.41437855159579234,0.3008369574952977,0.2782966539773433,0.16517631502017643,0.5490559284849776,66886.0,2.5987666124868536,0.27040687156778354,71.48154506437768,46109.0,0.2294368201586338,1.915379271560422
TSLA,Consumer Discretionary,2016,7000.132,5400.875,1599.257,-190.04,-667.34,477.3,198.81,26.698,-674.914,-4.68,3393.0,6259.796,22664.076,5827.005,7006.668,1114.652,5892.016,4752.911,-123.829,1280.802,3743.976,-1081.085,0.22846097759299397,-0.02714805949373526,-0.09533248801594028,-0.09641446761289645,-0.1420001342335255,-0.02977902121401287,0.30886465435431826,432.79100000000017,1.0742733187975642,1.4741845576321542,-3.356672199587546,-1404.6309999999999,-0.20065778759600533,0.18347374628471183
TSLA,Consumer Discretionary,2017,11759.0,9536.0,2223.0,-862.7,-1632.0,769.3,471.0,32.0,-1962.0,-11.83,3368.0,6570.52,28655.372,7674.67,9628.834,799.849,8828.985,4237.242,-61.0,3415.0,4415.0,-4196.0,0.1890466876435071,-0.07336508206480143,-0.13878731184624543,-0.16685092269750829,-0.46303704154730835,-0.06846883718696795,0.41035935600487056,-1104.1499999999996,0.8561306219029613,2.272429566213117,-3.464968152866242,-3476.0,-0.29560336763330214,0.03109072375127421
TSLA,Consumer Discretionary,2018,21461.268,17419.0,4042.0,722.0,-388.0,1110.0,663.0,58.0,-976.0,-1.14,3686.0,8307.0,29740.0,9993.0,10633.0,2222.0,8411.0,4923.0,2098.0,2101.0,574.0,-2337.0,0.18833929104282188,0.03364200102249317,-0.018079080881893837,-0.045477275620433986,-0.19825309770465163,-0.032817753866845996,0.721629724277068,-1686.0,0.8312818973281297,2.159861872841763,-0.5852187028657617,-3.0,-0.0001397867078496946,-2.1495901639344264
TSLA,Consumer Discretionary,2019,24578.0,20509.0,4069.0,1301.0,-69.0,1370.0,685.0,110.0,-862.0,-0.98,6268.0,12103.0,34309.0,10667.0,11801.0,1399.0,10402.0,6618.0,2405.0,1327.0,1529.0,-1436.0,0.1655545609895028,0.05293351778012857,-0.002807388721620962,-0.03507201562372854,-0.13025083106678756,-0.025124602873881487,0.7163717974875398,1436.0,1.1346207931002157,1.7831671199758234,-0.10072992700729927,1078.0,0.043860362926194156,-2.7900232018561484
TSLA,Consumer Discretionary,2020,31536.0,24906.0,6630.0,3564.0,1994.0,1570.0,748.0,292.0,721.0,0.21,19384.0,26717.0,52148.0,14248.0,10220.0,1758.0,8462.0,22225.0,5943.0,3157.0,9973.0,-3132.0,0.2102359208523592,0.11301369863013698,0.06322932521562659,0.022862760020294266,0.03244094488188976,0.013826033596686355,0.6047403543760067,12469.0,1.8751403705783267,0.45984251968503936,2.665775401069519,2786.0,0.08834348046676814,8.242718446601941
TSLA,Consumer Discretionary,2021,53823.0,40217.0,13606.0,8433.0,6523.0,1910.0,371.0,699.0,5519.0,1.63,17576.0,27100.0,62131.0,19705.0,5342.0,1088.0,4254.0,30189.0,11497.0,6482.0,-5203.0,-7868.0,0.25279155751258753,0.15668022964160302,0.12119354179440016,0.10253980640246735,0.1828149325913412,0.08882844312822906,0.8662825320693374,7395.0,1.3752854605430094,0.17695186988638245,17.5822102425876,5015.0,0.09317577987105884,2.083167240442109
TSLA,Consumer Discretionary,2022,81462.0,60609.0,20853.0,16076.0,13656.0,2420.0,191.0,1132.0,12556.0,3.62,16253.0,40917.0,82338.0,26709.0,2045.0,1016.0,1029.0,44704.0,14724.0,7158.0,-3527.0,-11973.0,0.25598438535759005,0.19734354668434362,0.16763644398615304,0.15413321548697553,0.2808697208303508,0.1524933809419709,0.9893609269110253,14208.0,1.53195552061103,0.045745347172512524,71.49738219895288,7566.0,0.09287766074979745,1.172666454284804
TSLA,Consumer Discretionary,2023,96773.0,79113.0,17660.0,12221.0,8891.0,3330.0,156.0,-5001.0,14997.0,4.3,16398.0,49616.0,106618.0,28748.0,4657.0,1975.0,2682.0,62634.0,13256.0,8899.0,2589.0,-15584.0,0.18248891736331416,0.1262852241844316,0.0918747997891974,0.15497091130790613,0.23943864354823258,0.1406610516047947,0.9076609953291189,20868.0,1.7258939752330598,0.0743525880512182,56.993589743589745,4357.0,0.04502288861562626,0.8839101153564046
TSLA,Consumer Discretionary,2024,97690.0,80240.0,17450.0,11196.0,7076.0,4120.0,350.0,1837.0,7091.0,2.04,16139.0,58360.0,122070.0,28821.0,7878.0,2343.0,5535.0,72913.0,14923.0,11342.0,3853.0,-18787.0,0.17862626676220697,0.11460743167161429,0.07243320708363189,0.07258675401781145,0.09725289043106168,0.05808962070942902,0.8002785287130335,29539.0,2.024912390270983,0.10804657605639598,20.217142857142857,3581.0,0.03665677141979732,2.1044986602735865
TSLA,Consumer Discretionary,2025,94827.0,77733.0,17094.0,9385.0,4355.0,5030.0,338.0,1423.0,3794.0,1.08,16513.0,68642.0,137806.0,31714.0,8153.0,1569.0,6584.0,82137.0,14747.0,8527.0,1139.0,-15478.0,0.18026511436616155,0.09896970272179864,0.04592573845001951,0.04000970187815706,0.04619111971462313,0.02753145726601164,0.6881195303542661,36928.0,2.1644068865485275,0.09926099078369066,12.884615384615385,6220.0,0.06559313275754795,3.8869267264101213
ORCL,Technology,2016,37792.0,2801.0,23017.0,13913.0,12913.0,1000.0,1798.0,2228.0,9452.0,2.24,21784.0,74515.0,134991.0,24178.0,57909.0,9797.0,48112.0,53860.0,14126.0,2021.0,9086.0,-21494.0,0.6090442421676545,0.3681466977138019,0.3416860711261643,0.25010584250635054,0.17549201633865577,0.0700194827803335,0.2799594047010541,50337.0,3.0819339895773017,1.0751763832157446,7.181868743047831,12105.0,0.3203058848433531,1.4944985188319933
ORCL,Technology,2017,39383.0,2888.0,24287.0,14429.0,13264.0,1165.0,2025.0,8837.0,3587.0,0.85,21620.0,76159.0,137851.0,19124.0,60619.0,4491.0,56128.0,46372.0,15386.0,1736.0,-9982.0,-5625.0,0.6166874031942716,0.366376355280197,0.33679506386004116,0.09107990757433411,0.07735271284395756,0.02602084859739864,0.28569252308652093,57035.0,3.982378163564108,1.307232812904339,6.550123456790123,13650.0,0.34659624711169795,4.289378310565932
ORCL,Technology,2018,39506.0,,,14765.0,13535.0,1230.0,2082.0,1185.0,11083.0,2.97,20514.0,46386.0,108709.0,18630.0,56167.0,4494.0,51673.0,21785.0,14551.0,1660.0,-42056.0,26557.0,,0.37374069761555206,0.3426061864020655,0.28053966486103377,0.5087445490016066,0.10195108040732598,0.3634105731816133,27756.0,2.4898550724637682,2.5782419095708056,6.500960614793468,12891.0,0.32630486508378476,1.312911666516286
ORCL,Technology,2019,39068.0,,,15278.0,13896.0,1382.0,1995.0,1928.0,10135.0,3.08,37239.0,52140.0,115438.0,17200.0,71597.0,2371.0,69226.0,12074.0,13139.0,1564.0,-6132.0,9843.0,,0.3910617385072182,0.355687519197297,0.25941947373809765,0.8394069902269339,0.08779604636254959,0.33843275178017634,34940.0,3.031395348837209,5.929849262878913,6.965413533834586,11575.0,0.2962782840176103,1.2963986186482486
ORCL,Technology,2020,40479.0,,,16750.0,15213.0,1537.0,2496.0,-747.0,13746.0,4.55,30098.0,55567.0,131107.0,24164.0,84245.0,8250.0,75995.0,5238.0,15887.0,2135.0,-10378.0,-13098.0,,0.41379480718397194,0.3758245015934188,0.3395834877343808,2.6242840778923253,0.10484566041477572,0.3087478166688277,31403.0,2.299577884456216,16.083428789614356,6.094951923076923,13752.0,0.33973171273993924,1.1557544012803724
ORCL,Technology,2021,42440.0,,,12898.0,10926.0,1972.0,2755.0,932.0,6717.0,2.41,21383.0,31633.0,109297.0,19511.0,3749.0,3749.0,0.0,-6220.0,9539.0,4511.0,-29126.0,11220.0,,0.30391140433553254,0.2574458058435438,0.15827049952874647,,0.0614563986202732,0.38829977035051283,12122.0,1.6212905540464353,,3.965880217785844,5028.0,0.11847313854853911,1.420128033348221
ORCL,Technology,2022,49954.0,,,15619.0,13093.0,2526.0,3505.0,623.0,8503.0,3.07,9765.0,21004.0,134384.0,23090.0,90481.0,4061.0,86420.0,1073.0,17165.0,8695.0,7910.0,-36484.0,,0.31266765424190257,0.262101133042399,0.17021659927132962,7.924510717614166,0.06327390165495893,0.3717258006905584,-2086.0,0.9096578605456908,84.32525629077354,3.735520684736091,8470.0,0.16955599151219122,2.018699282606139
ORCL,Technology,2023,52961.0,,,18482.0,15353.0,3129.0,3514.0,1274.0,10467.0,3.71,10454.0,22554.0,140976.0,31544.0,86869.0,10605.0,76264.0,8704.0,18673.0,6866.0,-10554.0,-7360.0,,0.34897377315383016,0.2898925624516153,0.19763599629916354,1.2025505514705883,0.07424668028600613,0.375673873567132,-8990.0,0.7150012680699974,9.980353860294118,4.3690950483779165,11807.0,0.22293763335284456,1.7839877710900927
ORCL,Technology,2024,57399.0,,,21545.0,17678.0,3867.0,3578.0,1717.0,12443.0,4.34,10786.0,24579.0,168361.0,32643.0,92568.0,7271.0,85297.0,20451.0,20821.0,21215.0,1098.0,-21711.0,,0.3753549713409641,0.30798445965957594,0.21678078015296434,0.6084299056280866,0.07390666484518386,0.3409281246844578,-8064.0,0.7529638819961401,4.5263312307466625,4.940749021799888,-394.0,-0.00686423108416523,1.673310294944949
ORCL,Technology,2025,67357.0,,,28229.0,20606.0,7623.0,4599.0,2467.0,17087.0,5.83,31289.0,46567.0,261759.0,41764.0,129541.0,7199.0,122342.0,42508.0,31977.0,55663.0,40284.0,-51854.0,,0.419095268494737,0.30592217586887777,0.2536781626260077,0.4019713936200245,0.06527760268032809,0.257324485500021,4803.0,1.1150033521693323,3.047449891785076,4.480539247662535,-23686.0,-0.351648677939932,1.8714227190261603
WMT,Consumer Staples,2016,481317.0,361256.0,120061.0,32844.0,22764.0,10080.0,2044.0,6204.0,13643.0,4.38,6867.0,57689.0,198825.0,66928.0,38271.0,2256.0,36015.0,77798.0,31673.0,10619.0,-19072.0,-13896.0,0.24944267499381903,0.06823777261139748,0.04729523370252869,0.028345144675961997,0.1753644052546338,0.06861813152269584,2.420807242549981,-9239.0,0.8619561319627062,0.49192781305432015,11.136986301369863,21054.0,0.04374248156620273,2.3215568423367294
WMT,Consumer Staples,2017,495761.0,373396.0,122365.0,30966.0,20437.0,10529.0,1978.0,4600.0,9862.0,3.28,6756.0,59664.0,204522.0,78521.0,33783.0,3738.0,30045.0,77869.0,28337.0,10051.0,-19875.0,-9079.0,0.24682256167790528,0.06246154901252821,0.041223492771718634,0.01989264988573123,0.1266486021394907,0.04821975142038509,2.423998396260549,-18857.0,0.7598476840590416,0.4338440200850146,10.332153690596563,18286.0,0.0368847085591646,2.873352261204624
WMT,Consumer Staples,2018,510329.0,385301.0,125028.0,32635.0,21957.0,10678.0,1975.0,4281.0,6670.0,2.26,7722.0,61897.0,219295.0,77477.0,45396.0,1876.0,43520.0,72496.0,27753.0,10344.0,-2537.0,-24036.0,0.24499489544979808,0.06394894274085933,0.0430251857135299,0.013069999941214393,0.09200507614213198,0.030415650151622245,2.3271346815932876,-15580.0,0.7989080630380629,0.6261862723460605,11.117468354430379,17409.0,0.034113287702638884,4.160869565217391
WMT,Consumer Staples,2019,519926.0,394605.0,125321.0,31555.0,20568.0,10987.0,2262.0,4915.0,14881.0,5.19,9465.0,61806.0,236495.0,77790.0,49076.0,5362.0,43714.0,74669.0,25255.0,10705.0,-14299.0,-9128.0,0.241036224385778,0.060691329150686826,0.039559475771552104,0.028621380734950744,0.1992928792403809,0.06292310619674835,2.1984650838284105,-15984.0,0.7945237177015041,0.6572473181641645,9.092838196286472,14550.0,0.027984751676200074,1.6971305691821785
WMT,Consumer Staples,2020,555233.0,420315.0,134918.0,33700.0,22548.0,11152.0,1976.0,6858.0,13510.0,4.75,17741.0,90067.0,252496.0,92645.0,44309.0,3115.0,41194.0,80925.0,36074.0,10264.0,-16117.0,-10071.0,0.2429934820156583,0.06069523965614436,0.040609978153315816,0.024332127233071522,0.16694470188446092,0.053505798111653256,2.1989774095431214,-2578.0,0.9721733498839656,0.5475316651220266,11.410931174089068,25810.0,0.046484989184720646,2.6701702442635087
WMT,Consumer Staples,2021,567762.0,429000.0,138762.0,36600.0,25942.0,10658.0,1674.0,4756.0,13673.0,1.62,14760.0,81070.0,244860.0,87379.0,37667.0,2803.0,34864.0,83253.0,24181.0,13106.0,-22828.0,-6015.0,0.24440170353070476,0.06446363088759022,0.04569168066901272,0.024082273910547024,0.16423432188629838,0.05584007187780773,2.31872090173977,-6309.0,0.9277972968333352,0.4524401523068238,15.497013142174433,11075.0,0.019506412898362344,1.7685219044832883
WMT,Consumer Staples,2022,605881.0,463721.0,142160.0,31373.0,20428.0,10945.0,1787.0,5724.0,11680.0,1.42,8625.0,75655.0,243197.0,92198.0,38840.0,4191.0,34649.0,76693.0,28841.0,16857.0,-17039.0,-17722.0,0.23463353364769649,0.05178079523866898,0.03371619179343799,0.0192777129502328,0.15229551588802107,0.04802690822666398,2.491317738294469,-16543.0,0.8205709451398078,0.5064347463262618,11.431449356463347,11984.0,0.01977946164345804,2.469263698630137
WMT,Consumer Staples,2023,642637.0,490142.0,152495.0,38865.0,27012.0,11853.0,2259.0,5578.0,15511.0,1.91,9867.0,76877.0,252399.0,92415.0,39579.0,3447.0,36132.0,83861.0,35726.0,20606.0,-13414.0,-21287.0,0.23729570504032604,0.06047737680836927,0.04203306065477089,0.024136487628318944,0.18496082803687053,0.0614542846841707,2.5461154758933278,-15538.0,0.8318671211383434,0.4719595521160015,11.95750332005312,15120.0,0.023528057052426176,2.303268648056218
WMT,Consumer Staples,2024,674538.0,511753.0,162785.0,42321.0,29348.0,12973.0,2249.0,6152.0,19436.0,2.41,9037.0,79458.0,260823.0,96584.0,35999.0,2598.0,33401.0,91013.0,36443.0,23783.0,-14822.0,-21379.0,0.24132813866676156,0.06274072031523799,0.043508297531050885,0.02881379551633859,0.2135519101666795,0.07451796812397679,2.586190635028353,-17126.0,0.8226828460200447,0.3955369013217892,13.049355269008448,12660.0,0.018768401483682164,1.8750257254579132
WMT,Consumer Staples,2025,706413.0,535395.0,171018.0,44028.0,29825.0,14203.0,2318.0,7199.0,21893.0,2.73,10727.0,84874.0,284668.0,107469.0,38166.0,3542.0,34624.0,99617.0,41565.0,26642.0,-13553.0,-26350.0,0.2420935062067091,0.06232614631950431,0.04222034418958881,0.030991785258765055,0.21977172570946726,0.07690713392443127,2.481532873382326,-22595.0,0.7897533242144247,0.38312737785719303,12.86669542709232,14923.0,0.02112503592091312,1.8985520486000091
COST,Consumer Staples,2016,118719.0,102901.0,15818.0,4927.0,3672.0,1255.0,133.0,1243.0,2350.0,5.33,3379.0,15218.0,33163.0,15575.0,5161.0,1100.0,4061.0,12079.0,3292.0,2649.0,,,0.13323899291604546,0.041501360355124285,0.030930179667955426,0.019794641127367986,0.19455252918287938,0.07086210535838133,3.5798631004432653,-357.0,0.9770786516853932,0.42727046940971936,27.60902255639098,643.0,0.005416150742509624,1.4008510638297873
COST,Consumer Staples,2017,129025.0,111882.0,17143.0,5481.0,4111.0,1370.0,134.0,1325.0,2679.0,6.08,4546.0,17317.0,36347.0,17495.0,6659.0,86.0,6573.0,10778.0,6726.0,2502.0,-3218.0,-2366.0,0.13286572369695795,0.04248013950784732,0.031862042239875994,0.020763417942259253,0.24856188532195211,0.07370622059592263,3.5498115387789912,-178.0,0.9898256644755644,0.6178326220077937,30.67910447761194,4224.0,0.032737841503584574,2.5106382978723403
COST,Consumer Staples,2018,141576.0,123152.0,18424.0,5917.0,4480.0,1437.0,159.0,1263.0,3134.0,7.09,6055.0,20289.0,40830.0,19926.0,6577.0,90.0,6487.0,12799.0,5774.0,2969.0,-1281.0,-2947.0,0.13013505113861107,0.04179380685991976,0.03164378143188111,0.022136520314177545,0.24486287991249317,0.07675728630908646,3.4674504041146217,363.0,1.0182174043962662,0.5138682709586686,28.17610062893082,2805.0,0.019812680115273776,1.8423739629865985
COST,Consumer Staples,2019,152703.0,132886.0,16465.0,6229.0,4737.0,1492.0,150.0,1061.0,3659.0,8.26,8384.0,23485.0,45400.0,23237.0,6823.0,1699.0,5124.0,15243.0,6356.0,2998.0,-1147.0,-2865.0,0.10782368388309332,0.04079160199865098,0.031021001552032378,0.023961546269555937,0.24004461064094995,0.08059471365638766,3.363502202643172,248.0,1.0106726341610364,0.44761529882569046,31.58,3358.0,0.02199039966470862,1.7370866356928123
COST,Consumer Staples,2020,166761.0,144939.0,21822.0,7080.0,5435.0,1645.0,160.0,1308.0,4002.0,9.02,12277.0,28120.0,55556.0,24844.0,7609.0,95.0,7514.0,18284.0,8861.0,2810.0,-1147.0,-3891.0,0.13085793440912444,0.0424559699210247,0.03259155318089961,0.023998416896036844,0.21887989499015534,0.07203542371661027,3.001673986608107,3276.0,1.1318628240218966,0.416156202143951,33.96875,6051.0,0.0362854624282656,2.214142928535732
COST,Consumer Staples,2021,195929.0,170684.0,25245.0,8489.0,6708.0,1781.0,171.0,1601.0,5007.0,11.27,11258.0,29505.0,59268.0,29441.0,7491.0,799.0,6692.0,17564.0,8958.0,3588.0,-6488.0,-3535.0,0.12884769482822858,0.04332691944530927,0.034236891935343926,0.025555175599324246,0.28507173764518334,0.08448066410204495,3.3058142673955593,64.0,1.0021738392038313,0.4264973810066044,39.228070175438596,5370.0,0.027407887551102697,1.7890952666267226
COST,Consumer Staples,2022,226954.0,199382.0,27572.0,9693.0,7793.0,1900.0,158.0,1925.0,5844.0,13.14,10203.0,32696.0,64166.0,31998.0,6557.0,73.0,6484.0,20642.0,7392.0,3891.0,-4283.0,-3915.0,0.12148717361227385,0.042709095235157785,0.03433735470624003,0.025749711395260715,0.2831121015405484,0.0910762709222953,3.5369822024124926,698.0,1.0218138633664604,0.3176533281658754,49.322784810126585,3501.0,0.0154260334693374,1.264887063655031
COST,Consumer Staples,2023,242290.0,212586.0,29704.0,10191.0,8114.0,2077.0,160.0,2195.0,6292.0,14.16,13700.0,35879.0,68994.0,33583.0,6458.0,1081.0,5377.0,25058.0,11068.0,4323.0,-2614.0,-4972.0,0.12259688802674482,0.042061166370877874,0.033488794419910026,0.025968880267448098,0.2510974539069359,0.09119633591326783,3.5117546453314783,2296.0,1.0683679242473871,0.257722084763349,50.7125,6745.0,0.02783854059185274,1.7590591226954864
COST,Consumer Staples,2024,254453.0,222358.0,32095.0,11522.0,9285.0,2237.0,169.0,2373.0,7367.0,16.56,9906.0,34246.0,69831.0,35464.0,5897.0,103.0,5794.0,23622.0,11339.0,4710.0,-10764.0,-4409.0,0.1261333134213391,0.045281446868380405,0.036490039417888566,0.028952301603832536,0.3118702904072475,0.1054975583909725,3.6438401283097765,-1218.0,0.965655312429506,0.24964016594699856,54.94082840236686,6629.0,0.026051962444930892,1.5391611239310439
COST,Consumer Staples,2025,275235.0,239886.0,35349.0,12809.0,10383.0,2426.0,154.0,2719.0,8099.0,18.21,14161.0,38380.0,77099.0,37108.0,5788.0,75.0,5713.0,29164.0,13335.0,5498.0,-3775.0,-5311.0,0.12843206714262356,0.04653841262920777,0.03772412665540356,0.029425763438516175,0.27770539020710466,0.10504675806430692,3.569890660060442,1272.0,1.0342783227336423,0.1984638595528734,67.42207792207792,7837.0,0.028473849619416135,1.6464995678478824
HD,Consumer Discretionary,2016,94595.0,62282.0,32313.0,15400.0,13427.0,1973.0,972.0,4534.0,7957.0,6.45,2538.0,17724.0,42966.0,14133.0,,,,4333.0,9783.0,1621.0,-7870.0,-1583.0,0.3415931074581109,0.16279930228870448,0.1419419631058724,0.08411649664358581,1.836372028617586,0.18519294325745939,2.2016245403342176,3591.0,1.2540861812778603,,13.813786008230453,8162.0,0.08628363021301337,1.2294834736709814
HD,Consumer Discretionary,2017,100904.0,66548.0,34356.0,16743.0,14681.0,2062.0,1057.0,5068.0,8630.0,7.29,3595.0,18933.0,44529.0,16194.0,,,,1454.0,12031.0,1897.0,-8870.0,-2228.0,0.3404820423372711,0.16592999286450488,0.1454947276619361,0.08552683738999445,5.9353507565337,0.19380628354555457,2.266028880055694,2739.0,1.1691367173027047,,13.889309366130558,10134.0,0.10043209387140252,1.394090382387022
HD,Consumer Discretionary,2018,108203.0,71043.0,37160.0,17682.0,15530.0,2152.0,1051.0,3435.0,11121.0,9.73,1778.0,18529.0,44003.0,16716.0,,,,-1878.0,13165.0,2442.0,-12547.0,-2416.0,0.34342855558533497,0.16341506242895298,0.14352651959742335,0.10277903570141309,,0.2527327682203486,2.4589914324023363,1813.0,1.1084589614740368,,14.77640342530923,10723.0,0.09910076430413205,1.1837964211851453
HD,Consumer Discretionary,2019,110225.0,72653.0,37572.0,18139.0,15843.0,2296.0,1201.0,3473.0,11242.0,10.25,2133.0,19810.0,51236.0,18375.0,29500.0,,29500.0,-3116.0,13687.0,2678.0,-10798.0,-2653.0,0.3408664096166931,0.1645633930596507,0.1437332728509866,0.10199138126559311,,0.21941603559996878,2.1513193848075574,1435.0,1.078095238095238,,13.191507077435471,11009.0,0.09987752324790201,1.2174879914605943
HD,Consumer Discretionary,2020,132110.0,87257.0,44853.0,20797.0,18278.0,2519.0,1347.0,4112.0,12866.0,11.94,7895.0,28477.0,70581.0,23166.0,34750.0,,34750.0,3299.0,18839.0,2463.0,-2983.0,-10170.0,0.33951252743925514,0.1574218454318371,0.13835440163500112,0.09738853985315267,3.899969687784177,0.182287017752653,1.8717501877275755,5311.0,1.2292583959250627,10.53349499848439,13.569413511507053,16376.0,0.12395730830368633,1.4642468521685061
HD,Consumer Discretionary,2021,151157.0,100325.0,50832.0,25902.0,23040.0,2862.0,1347.0,5304.0,16433.0,15.53,2343.0,29055.0,71876.0,28693.0,36400.0,,36400.0,-1696.0,16571.0,2566.0,-19120.0,-2969.0,0.3362861131141793,0.17135825664706233,0.15242430056166767,0.1087147799969568,,0.2286298625410429,2.103024653570037,362.0,1.012616317568745,,17.104677060133632,14005.0,0.09265201082318385,1.0083977362623988
HD,Consumer Discretionary,2022,157403.0,104625.0,52778.0,26835.0,24039.0,2796.0,1617.0,5372.0,17105.0,16.69,2757.0,32471.0,76445.0,23110.0,41150.0,,41150.0,1562.0,14615.0,3119.0,-10993.0,-3140.0,0.3353049179494673,0.1704859500771904,0.15272262917479337,0.10867010158637383,10.950704225352112,0.2237556413107463,2.059035908169272,9361.0,1.4050627434011251,26.344430217669654,14.866419294990724,11496.0,0.07303545675749509,0.8544285296696872
HD,Consumer Discretionary,2023,152669.0,101709.0,50960.0,24750.0,21689.0,3061.0,1943.0,4781.0,15143.0,15.11,3760.0,29775.0,76530.0,22015.0,42150.0,,42150.0,1044.0,21172.0,3226.0,-15443.0,-4729.0,0.33379402498215094,0.1621154261834426,0.1420655142825328,0.09918844035134834,14.504789272030651,0.19787011629426368,1.994890892460473,7760.0,1.3524869407222349,40.37356321839081,11.162635100360268,17946.0,0.11754842174901257,1.3981377534174206
HD,Consumer Discretionary,2024,159514.0,106206.0,53308.0,24862.0,21526.0,3336.0,2321.0,4600.0,14806.0,14.91,1659.0,31683.0,96119.0,28661.0,51365.0,,51365.0,6640.0,19810.0,3485.0,-694.0,-21031.0,0.3341901024361498,0.15586092756748623,0.13494740273581002,0.09281943904610254,2.2298192771084335,0.15403822345217907,1.65954701983999,3022.0,1.1054394473326123,7.735692771084337,9.274450667815596,16325.0,0.10234211417179684,1.3379710928002162
HD,Consumer Discretionary,2025,164683.0,109818.0,54865.0,24404.0,20890.0,3514.0,2412.0,4446.0,14156.0,14.23,1389.0,34391.0,105095.0,32424.0,49397.0,,49397.0,12813.0,16325.0,3679.0,-7714.0,-8980.0,0.33315521334928316,0.14818773036682598,0.12684976591390731,0.08595908503002739,1.1048154218371966,0.13469717874304202,1.5669917693515392,1967.0,1.06066493955095,3.8552251619448996,8.660862354892206,12646.0,0.07678995403289957,1.1532212489403786
PG,Consumer Staples,2017,65058.0,32638.0,32420.0,16586.0,13766.0,2820.0,465.0,3063.0,15326.0,5.59,5569.0,26494.0,120406.0,30210.0,19714.0,1676.0,18038.0,55778.0,12753.0,3384.0,-8568.0,-6685.0,0.4983245719204402,0.2549417442897107,0.21159580681853116,0.23557441052599218,0.2747678296102406,0.12728601564706077,0.5403219108682291,-3716.0,0.8769943727242635,0.3534368388970562,29.60430107526882,9369.0,0.14400996034307847,0.8321153595197703
PG,Consumer Staples,2018,66832.0,34432.0,32400.0,16197.0,13363.0,2834.0,506.0,3465.0,9750.0,3.67,2569.0,23320.0,118310.0,28237.0,22635.0,1772.0,20863.0,52883.0,14867.0,3717.0,-14375.0,-3511.0,0.48479770169978453,0.24235396217380895,0.19994912616710558,0.1458881972707685,0.18436926800673184,0.08241061617783789,0.5648888513227961,-4917.0,0.8258667705492793,0.4280203468033205,26.40909090909091,11150.0,0.16683624610964806,1.5248205128205128
PG,Consumer Staples,2019,67684.0,34768.0,32916.0,8311.0,5487.0,2824.0,509.0,2103.0,3897.0,1.43,4239.0,22473.0,115095.0,30011.0,23783.0,3388.0,20395.0,47579.0,15242.0,3347.0,-9994.0,-3490.0,0.4863187754860824,0.12279120619348738,0.08106790378819219,0.057576384374445955,0.08190588284747473,0.03385898605499805,0.5880707241843695,-7538.0,0.7488254306754191,0.4998633851068749,10.779960707269154,11895.0,0.17574315938774304,3.911213754169874
PG,Consumer Staples,2020,70950.0,35250.0,35700.0,18719.0,15706.0,3013.0,465.0,2731.0,13027.0,4.96,16181.0,27987.0,120700.0,32976.0,26045.0,2508.0,23537.0,46878.0,17403.0,3073.0,-8367.0,3045.0,0.5031712473572939,0.26383368569415083,0.22136715997181114,0.18360817477096547,0.2778915482742438,0.10792874896437449,0.5878210439105219,-4989.0,0.8487081513828238,0.5555911088357012,33.7763440860215,14330.0,0.20197322057787173,1.335917709372841
PG,Consumer Staples,2021,76118.0,37108.0,39010.0,20721.0,17986.0,2735.0,502.0,3263.0,14306.0,5.5,10288.0,23091.0,119307.0,33132.0,26719.0,3620.0,23099.0,46654.0,18371.0,2787.0,-21531.0,-2834.0,0.5124937596889041,0.27222207625003286,0.23629102183452008,0.18794503271236765,0.30664037381575,0.1199091419614943,0.6380011231528745,-10041.0,0.6969395146685984,0.5727054486217688,35.82868525896414,15584.0,0.20473475393468035,1.2841465119530266
PG,Consumer Staples,2022,80187.0,42157.0,38030.0,20620.0,17813.0,2807.0,439.0,3202.0,14742.0,5.81,7214.0,21653.0,117208.0,33081.0,26495.0,3647.0,22848.0,46854.0,16723.0,3156.0,-14876.0,-4424.0,0.4742664022846596,0.25714891441256066,0.22214324017608839,0.18384526170077445,0.3146369573568959,0.12577639751552794,0.6841427206334039,-11428.0,0.6545449049303226,0.5654800017074316,40.57630979498861,13567.0,0.16919201366805092,1.134377967711301
PG,Consumer Staples,2023,82006.0,42760.0,39246.0,20848.0,18134.0,2714.0,756.0,3615.0,14653.0,5.9,8246.0,22648.0,120829.0,35756.0,28329.0,3951.0,24378.0,47065.0,16848.0,3062.0,-12146.0,-3500.0,0.47857473843377313,0.2542253005877619,0.2211301612077165,0.17868204765504964,0.31133538723042603,0.12127055590959124,0.6786946842231584,-13108.0,0.6334041839131894,0.6019122490173164,23.986772486772487,13786.0,0.16810965051337706,1.1497986760390364
PG,Consumer Staples,2024,84039.0,40848.0,43191.0,21441.0,18545.0,2896.0,925.0,3787.0,14879.0,6.02,9482.0,24709.0,122370.0,33627.0,29107.0,3838.0,25269.0,50559.0,19846.0,3322.0,-14855.0,-3504.0,0.5139399564487916,0.25513154606789706,0.22067135496614668,0.17704875117504967,0.29428983959334637,0.12159025905042085,0.6867614611424369,-8918.0,0.7347964433342254,0.5757036333788247,20.048648648648648,16524.0,0.19662299646592654,1.3338261979971773
PG,Consumer Staples,2025,84284.0,41164.0,43120.0,23298.0,20451.0,2847.0,907.0,4102.0,15974.0,6.51,9556.0,25392.0,125231.0,36058.0,30372.0,5377.0,24995.0,52284.0,17817.0,3773.0,-14036.0,-3818.0,0.5116036258364577,0.276422571306535,0.24264391818138675,0.1895258886621423,0.3055236783719685,0.1275562760019484,0.6730282438054476,-10666.0,0.7041987908369849,0.5809042919439982,22.54796030871003,14044.0,0.16662711783968487,1.115374984349568
PG,Consumer Staples,2026,87032.0,43362.0,43670.0,22908.0,19748.0,3160.0,877.0,4233.0,16046.0,6.62,9942.0,26208.0,126521.0,38694.0,29299.0,6457.0,22842.0,54311.0,19556.0,4409.0,-14460.0,-4624.0,0.5017694641051568,0.2632135306553911,0.22690504641970768,0.18436896773600514,0.29544659461250944,0.12682479588368728,0.6878858055184515,-12486.0,0.6773143122964801,0.5394671429360535,22.517673888255416,15147.0,0.17403943377148634,1.2187461049482737
KO,Consumer Staples,2016,41863.0,16465.0,25398.0,10444.0,8657.0,1787.0,733.0,1586.0,6527.0,1.49,8555.0,34010.0,87270.0,26532.0,33211.0,3527.0,29684.0,23062.0,8792.0,2262.0,-6545.0,-1004.0,0.606693261352507,0.24948044812841888,0.20679358861046748,0.15591333635907603,0.2830196860636545,0.07479087888163172,0.4796951988082961,7478.0,1.28184833408714,1.4400745815627438,11.810368349249659,6530.0,0.15598499868619067,1.3470200704764823
KO,Consumer Staples,2017,36212.0,13721.0,22491.0,9015.0,7755.0,1260.0,853.0,5607.0,1248.0,0.29,6102.0,36545.0,87896.0,27194.0,34480.0,3298.0,31182.0,17072.0,7041.0,1750.0,-7447.0,-2312.0,0.6210924555396001,0.24895062410250746,0.21415552855407047,0.034463713686070915,0.07310215557638237,0.01419859834349686,0.41198689360152907,9351.0,1.3438626167536956,2.019681349578257,9.091441969519343,5291.0,0.14611178614823817,5.641826923076923
KO,Consumer Staples,2018,34300.0,13067.0,21233.0,10238.0,9152.0,1086.0,950.0,1749.0,6434.0,1.5,9077.0,24930.0,83216.0,28782.0,30379.0,5003.0,25376.0,16981.0,7627.0,1548.0,-10347.0,5927.0,0.6190379008746356,0.29848396501457725,0.26682215743440235,0.1875801749271137,0.37889405806489607,0.07731686214189579,0.41218034993270525,-3852.0,0.866166353971232,1.7889994699958778,9.633684210526315,6079.0,0.17723032069970845,1.1854211998756605
KO,Consumer Staples,2019,37266.0,14619.0,22647.0,11451.0,10086.0,1365.0,946.0,1801.0,8920.0,2.07,6480.0,20411.0,86381.0,26973.0,31769.0,4253.0,27516.0,18981.0,10471.0,2054.0,-9004.0,-3976.0,0.6077121236515859,0.3072774110449203,0.27064884881661566,0.23936027478130198,0.4699436278383647,0.10326344913812065,0.43141431564811705,-6562.0,0.7567196826456086,1.6737263579368842,10.661733615221987,8417.0,0.22586271668545055,1.1738789237668161
KO,Consumer Staples,2020,33014.0,13433.0,19581.0,10533.0,8997.0,1536.0,1437.0,1981.0,7747.0,1.79,6795.0,19240.0,87296.0,14601.0,40610.0,485.0,40125.0,19299.0,9844.0,1177.0,-8070.0,-1477.0,0.5931120130853578,0.31904646513600293,0.2725207487732477,0.23465802386866177,0.40141976268200424,0.08874404325513197,0.37818456744868034,4639.0,1.317717964522978,2.104254106430385,6.260960334029227,8667.0,0.26252498939843705,1.2706854266167549
KO,Consumer Staples,2021,38655.0,15357.0,23298.0,11760.0,10308.0,1452.0,1597.0,2621.0,9771.0,2.25,9684.0,22545.0,94354.0,19950.0,39454.0,1338.0,38116.0,22999.0,12625.0,1367.0,-6786.0,-2765.0,0.6027163368257664,0.30422972448583624,0.26666666666666666,0.2527745440434614,0.42484455845906344,0.1035568179409458,0.40968056468194247,2595.0,1.130075187969925,1.7154658898212967,6.45460237946149,11258.0,0.29124304747121976,1.2920888343055983
KO,Consumer Staples,2022,43004.0,18000.0,25004.0,12169.0,10909.0,1260.0,882.0,2115.0,9542.0,2.19,9519.0,22591.0,92763.0,19724.0,36776.0,399.0,36377.0,24105.0,11018.0,1484.0,-10250.0,-763.0,0.5814342851827737,0.28297367686726815,0.2536740768300623,0.2218863361547763,0.3958514830947936,0.10286428856332805,0.46359000894753294,2867.0,1.1453559115798013,1.5256585770587014,12.368480725623582,9534.0,0.22170030694819087,1.154684552504716
KO,Consumer Staples,2023,45754.0,18520.0,27234.0,12439.0,11311.0,1128.0,1527.0,2249.0,10714.0,2.47,9366.0,26732.0,97703.0,23571.0,37507.0,1960.0,35547.0,25941.0,11599.0,1852.0,-8310.0,-3349.0,0.5952266468505486,0.27186694059535776,0.24721335839489444,0.23416531887922368,0.41301414748853166,0.10965886410857395,0.4682967769669304,3161.0,1.1341054685842773,1.4458579083304421,7.407334643091028,9747.0,0.2130305547055995,1.082602202725406
KO,Consumer Staples,2024,47061.0,18324.0,28737.0,11067.0,9992.0,1075.0,1656.0,2437.0,10631.0,2.46,10828.0,25997.0,100549.0,25249.0,360.0,360.0,,24856.0,6805.0,2064.0,-6910.0,2524.0,0.6106330082233696,0.23516287371709058,0.21232018019166612,0.22589830220352308,0.4277035725780496,0.1057295447990532,0.46804045788620474,748.0,1.0296249356410154,0.014483424525265529,6.033816425120773,4741.0,0.10074159070143006,0.640109114852789
KO,Consumer Staples,2025,47941.0,18397.0,29544.0,14812.0,13762.0,1050.0,1654.0,2861.0,13107.0,3.04,10270.0,31044.0,104816.0,21281.0,56.0,56.0,,32169.0,7408.0,2112.0,-8140.0,-67.0,0.6162574831563797,0.30896310047767045,0.28706117936630443,0.2733985523873094,0.4074419472162641,0.1250477026408182,0.45738246069302396,9763.0,1.4587660354306657,0.0017408063663775684,8.32043530834341,5296.0,0.11046911829123297,0.5651941710536355
PEP,Consumer Staples,2016,62799.0,28222.0,34577.0,12172.0,9804.0,2368.0,1342.0,2174.0,6329.0,4.36,9158.0,26450.0,73490.0,21135.0,36945.0,6892.0,30053.0,11246.0,10663.0,3040.0,-3211.0,-7150.0,0.5505979394576347,0.19382474243220432,0.15611713562317872,0.10078185958375134,0.562777876578339,0.08612056062049259,0.8545244250918492,5315.0,1.2514785900165601,3.2851680597545796,7.305514157973175,7623.0,0.12138728323699421,1.68478432611787
PEP,Consumer Staples,2017,63525.0,28796.0,34729.0,12645.0,10276.0,2369.0,1151.0,4694.0,4857.0,3.38,10610.0,31027.0,79804.0,20502.0,39281.0,5485.0,33796.0,11045.0,10030.0,2969.0,-4186.0,-4403.0,0.546698150334514,0.19905548996458086,0.16176308539944903,0.07645808736717828,0.43974649162516977,0.06086161094681971,0.796012731191419,10525.0,1.5133645498000194,3.556450882752377,8.927888792354475,7061.0,0.11115308933490751,2.0650607370805023
PEP,Consumer Staples,2018,64661.0,29381.0,35280.0,12509.0,10110.0,2399.0,1219.0,-3370.0,12515.0,8.78,8721.0,21893.0,77648.0,22138.0,32321.0,4026.0,28295.0,14518.0,9415.0,3282.0,-13769.0,4564.0,0.5456148219173845,0.1934550965806282,0.15635390730115525,0.19354788821700872,0.8620333379253341,0.16117607665361633,0.83274520914898,-245.0,0.9889330562833137,2.2262708362033337,8.293683347005743,6133.0,0.09484851765360883,0.7522972433080304
PEP,Consumer Staples,2019,67161.0,30132.0,37029.0,12723.0,10291.0,2432.0,935.0,1959.0,7314.0,5.2,5509.0,17645.0,78547.0,20461.0,32068.0,2920.0,29148.0,14786.0,9649.0,4232.0,-8489.0,-6437.0,0.5513467637468173,0.18944030017420824,0.15322880838581915,0.10890248805110109,0.4946571080752063,0.09311622340764128,0.8550422040307077,-2816.0,0.8623723180685205,2.168808332206141,11.006417112299465,5417.0,0.08065692887241108,1.3192507519824994
PEP,Consumer Staples,2020,70372.0,31797.0,38575.0,12628.0,10080.0,2548.0,1128.0,1894.0,7120.0,5.12,8185.0,23001.0,92918.0,23372.0,44150.0,3780.0,40370.0,13454.0,10613.0,4240.0,3819.0,-11619.0,0.5481583584380151,0.17944637071562552,0.14323878815437957,0.10117660433126811,0.5292106436747436,0.07662670311457415,0.757355948255451,-371.0,0.9841263049803183,3.281551954808979,8.936170212765957,6373.0,0.09056158699482748,1.4905898876404495
PEP,Consumer Staples,2021,79474.0,37075.0,42399.0,13872.0,11162.0,2710.0,1863.0,2142.0,7618.0,5.49,5596.0,21783.0,92377.0,26220.0,40334.0,4308.0,36026.0,16043.0,11616.0,4625.0,-10780.0,-3269.0,0.5334952311447769,0.17454765080403653,0.14044844854921107,0.09585524825729169,0.474848843732469,0.08246641480022084,0.8603223746170584,-4437.0,0.8307780320366133,2.5141183070498037,5.991411701556629,6991.0,0.08796587563228225,1.5248096613284328
PEP,Consumer Staples,2022,86392.0,40576.0,45816.0,14275.0,11512.0,2763.0,939.0,1727.0,8910.0,6.42,4954.0,21539.0,92187.0,26785.0,39071.0,3414.0,35657.0,17149.0,10811.0,5207.0,-8523.0,-2430.0,0.5303268821187147,0.16523520696360774,0.13325307898879526,0.10313454949532364,0.5195638229634381,0.09665137166845651,0.9371386421078894,-5246.0,0.8041441105096135,2.278325266779404,12.259850905218318,5604.0,0.0648671173256783,1.2133557800224466
PEP,Consumer Staples,2023,91471.0,41881.0,49590.0,14934.0,11986.0,2948.0,819.0,2262.0,9074.0,6.56,9711.0,26950.0,100495.0,31647.0,44105.0,6510.0,37595.0,18503.0,13442.0,5518.0,-3009.0,-5495.0,0.5421390386023985,0.16326485990095221,0.1310360660755868,0.09920083961036831,0.49040696103334597,0.09029304940544305,0.9102044877854619,-4697.0,0.851581508515815,2.383667513376209,14.634920634920634,7924.0,0.086628548939008,1.481375358166189
PEP,Consumer Staples,2024,91854.0,41744.0,50110.0,16047.0,12887.0,3160.0,919.0,2320.0,9578.0,6.95,8505.0,25826.0,99467.0,31536.0,44306.0,7082.0,37224.0,18041.0,12507.0,5318.0,-7556.0,-5472.0,0.5455396607659982,0.17470115618263765,0.1402987349489407,0.10427417423302197,0.5309018347098277,0.09629324298511063,0.9234620527411102,-5710.0,0.8189370877727042,2.4558505626073943,14.022850924918389,7189.0,0.07826550830666057,1.3058049697222802
PEP,Consumer Staples,2025,93925.0,43066.0,50859.0,14949.0,11498.0,3451.0,1121.0,1949.0,8240.0,6.0,9159.0,27949.0,107399.0,32764.0,49182.0,6861.0,42321.0,20406.0,12087.0,4415.0,-4979.0,-6879.0,0.541485227575193,0.15915890338035668,0.12241682193239287,0.08772957146659568,0.4038028030971283,0.07672324695760668,0.8745425935064572,-4815.0,0.8530399218654621,2.410173478388709,10.256913470115968,7672.0,0.08168219323928666,1.466868932038835
JNJ,Healthcare,2016,71890.0,21789.0,50101.0,24283.0,20529.0,3754.0,726.0,3263.0,16540.0,5.93,18972.0,65032.0,141208.0,26287.0,24142.0,1700.0,22442.0,70418.0,18767.0,3226.0,-8551.0,-4761.0,0.696911948810683,0.3377799415774099,0.2855612741688691,0.23007372374460983,0.2348831264733449,0.11713217381451475,0.5091071327403547,38745.0,2.473922471183475,0.3428384787980346,28.276859504132233,15541.0,0.21617749339268327,1.1346432889963725
JNJ,Healthcare,2017,76450.0,25439.0,51011.0,24249.0,18607.0,5642.0,934.0,16373.0,1300.0,0.47,17824.0,43088.0,157303.0,30537.0,32175.0,1500.0,30675.0,60160.0,21056.0,3279.0,-7673.0,-14868.0,0.6672465663832571,0.317187704381949,0.24338783518639634,0.017004578155657292,0.02160904255319149,0.008264305194433672,0.4860047170111187,12551.0,1.4110095949176409,0.5348238031914894,19.92184154175589,17777.0,0.2325310660562459,16.196923076923078
JNJ,Healthcare,2018,81581.0,27091.0,54490.0,25933.0,19004.0,6929.0,1005.0,2702.0,15297.0,5.61,18107.0,46033.0,152954.0,31230.0,30284.0,2600.0,27684.0,59752.0,22201.0,3670.0,-18510.0,-3167.0,0.6679251296257707,0.3178803888160233,0.23294639683259583,0.18750689498780354,0.25600816709064134,0.10001046066137531,0.5333695097872563,14803.0,1.4739993595901377,0.5068282233230686,18.909452736318407,18531.0,0.22714847819958078,1.4513303262077533
JNJ,Healthcare,2019,82059.0,27556.0,54503.0,24655.0,17646.0,7009.0,318.0,2209.0,15119.0,5.63,17305.0,45274.0,157728.0,35964.0,27694.0,1200.0,26494.0,59471.0,23416.0,3498.0,-18015.0,-6194.0,0.6641928368612827,0.30045455099379714,0.21504039776258546,0.1842454819093579,0.2542247481966,0.09585488942990465,0.5202563907486305,9310.0,1.2588699810922033,0.465672344504044,55.490566037735846,19918.0,0.2427277934169317,1.5487796811958463
JNJ,Healthcare,2020,82584.0,28427.0,54157.0,23929.0,16698.0,7231.0,201.0,1783.0,14714.0,5.51,13985.0,51237.0,174894.0,42493.0,34434.0,1799.0,32635.0,63278.0,23536.0,3347.0,-6120.0,-20825.0,0.6557807807807807,0.28975346314055994,0.20219412961348446,0.17817010558946042,0.23252947311861943,0.08413095932393336,0.47219458643521217,8744.0,1.205775068834867,0.5441701697272354,83.07462686567165,20189.0,0.24446624043398238,1.599565040097866
JNJ,Healthcare,2021,78740.0,23402.0,55338.0,26751.0,19361.0,7390.0,183.0,1377.0,20878.0,7.81,14487.0,60979.0,182018.0,45226.0,32116.0,2131.0,29985.0,74023.0,23410.0,3652.0,-14047.0,-8683.0,0.7027940055880112,0.33973837947675894,0.24588519177038354,0.2651511303022606,0.28204747173175904,0.1147029414673274,0.4325945785581646,15753.0,1.3483173395834254,0.43386515002093945,105.79781420765028,19758.0,0.2509271018542037,1.121275984289683
JNJ,Healthcare,2022,79990.0,24596.0,55394.0,26605.0,19635.0,6970.0,276.0,2989.0,17941.0,6.73,12889.0,55294.0,187378.0,55802.0,28437.0,1551.0,26886.0,76804.0,21194.0,4009.0,-8871.0,-12371.0,0.6925115639454932,0.33260407550943866,0.24546818352294036,0.22429053631703963,0.233594604447685,0.09574763312662106,0.42689109714053947,-508.0,0.9908963836421634,0.3702541534295089,71.1413043478261,17185.0,0.21483935491936493,1.1813165375397134
JNJ,Healthcare,2023,85159.0,26553.0,58606.0,23320.0,15834.0,7486.0,772.0,1736.0,35153.0,13.72,21859.0,53495.0,167558.0,46282.0,27350.0,1469.0,25881.0,68774.0,22791.0,4543.0,-15825.0,878.0,0.6881950234267664,0.2738406979884686,0.18593454596695594,0.41279254101151963,0.511137930031698,0.20979601093352748,0.5082359541173802,7213.0,1.1558489261483946,0.39767935557041906,20.510362694300518,18248.0,0.2142815204499818,0.6483372685119335
JNJ,Healthcare,2024,88821.0,27471.0,61350.0,24781.0,17442.0,7339.0,755.0,2621.0,14066.0,5.79,24105.0,55893.0,180104.0,50321.0,32400.0,1749.0,30651.0,71490.0,24266.0,4424.0,-3132.0,-18599.0,0.6907150336069173,0.2789993357426735,0.19637247948120376,0.1583634500850024,0.19675479087984332,0.07809932039266201,0.49316506018744727,5572.0,1.1107291190556627,0.45321023919429293,23.101986754966887,19842.0,0.2233931164927213,1.7251528508460117
JNJ,Healthcare,2025,94193.0,30256.0,63937.0,41055.0,33552.0,7503.0,971.0,5777.0,26804.0,11.03,19709.0,55624.0,199210.0,54126.0,41438.0,2000.0,39438.0,81544.0,24530.0,4832.0,-5539.0,-23588.0,0.6787871710212011,0.43586041425583644,0.3562048135211746,0.2845646704107524,0.3287059746885117,0.13455147833944078,0.472832689122032,1498.0,1.027676163027011,0.5081673697635632,34.55406797116375,19698.0,0.2091238202414192,0.9151619161319207
MRK,Healthcare,2016,39807.0,14030.0,25777.0,10823.0,5352.0,5471.0,693.0,718.0,3920.0,1.41,6515.0,30614.0,95377.0,17204.0,24574.0,300.0,24274.0,40088.0,10376.0,1614.0,-9044.0,-3210.0,0.6475494259803553,0.2718868540708921,0.13444871505011682,0.09847514256286583,0.09778487327878667,0.04110005556895268,0.41736477347788253,13410.0,1.7794698907230877,0.6130013969267611,7.7229437229437226,8762.0,0.2201120405958751,2.646938775510204
MRK,Healthcare,2017,40122.0,12912.0,27210.0,11951.0,7275.0,4676.0,754.0,4103.0,2394.0,0.87,6092.0,24766.0,87872.0,18614.0,24353.0,3000.0,21353.0,34336.0,6451.0,1888.0,-10006.0,2679.0,0.6781815462838343,0.2978665071531828,0.1813219679976073,0.059668012561686856,0.06972273998136067,0.02724417334304443,0.45659595775673706,6152.0,1.330503921779306,0.7092555917986952,9.648541114058355,4563.0,0.11372812920592194,2.6946532999164576
MRK,Healthcare,2018,42294.0,13509.0,28785.0,13992.0,9473.0,4519.0,772.0,2508.0,6220.0,2.32,7965.0,25875.0,82637.0,22206.0,25114.0,5308.0,19806.0,26701.0,10922.0,2615.0,-13160.0,4314.0,0.6805929919137467,0.3308270676691729,0.22397976072256112,0.14706577765167636,0.2329500767761507,0.07526894732383799,0.5118046395682322,3669.0,1.16522561469873,0.9405640238193326,12.270725388601036,8307.0,0.1964108384167967,1.7559485530546624
MRK,Healthcare,2019,39121.0,12016.0,27105.0,11716.0,8064.0,3652.0,893.0,1565.0,9843.0,3.81,9676.0,27483.0,84397.0,22220.0,24636.0,1900.0,22736.0,25907.0,13440.0,3369.0,-8861.0,-2629.0,0.6928503872600393,0.2994810971089696,0.20612970016103882,0.2516039978528156,0.3799359246535685,0.11662736827138405,0.4635354337239475,5263.0,1.2368586858685868,0.9509399004130158,9.03023516237402,10071.0,0.2574320697323688,1.3654373666565072
MRK,Healthcare,2020,41518.0,13618.0,27900.0,8363.0,6694.0,1669.0,831.0,1340.0,7067.0,2.78,8050.0,27764.0,91588.0,27327.0,27660.0,2300.0,25360.0,25317.0,10253.0,4429.0,-2832.0,-9443.0,0.6719976877498917,0.2014307047545643,0.16123127318271593,0.1702153282913435,0.2791404984792827,0.07716076341878848,0.4533126610472988,437.0,1.0159915102279797,1.0925465102500296,8.055354993983153,5824.0,0.14027650657546126,1.4508277911419272
MRK,Healthcare,2021,48704.0,13626.0,35078.0,16263.0,14685.0,1578.0,806.0,1521.0,13049.0,5.14,8096.0,30266.0,105694.0,23872.0,32990.0,2300.0,30690.0,38184.0,13122.0,4448.0,,,0.7202283180026281,0.3339150788436268,0.30151527595269384,0.26792460578186594,0.3417399958097633,0.12346017749351902,0.4608019376691203,6394.0,1.2678451742627346,0.8639744395558349,18.219602977667495,8674.0,0.17809625492772668,1.0055942984136717
MRK,Healthcare,2022,59283.0,17411.0,41872.0,19230.0,17406.0,1824.0,962.0,1918.0,14519.0,5.71,12694.0,35722.0,109160.0,24239.0,30445.0,1700.0,28745.0,45991.0,19095.0,4388.0,-9119.0,-4960.0,0.7063070357438052,0.32437629674611607,0.2936086230453924,0.24491000792807383,0.31569220064795284,0.13300659582264565,0.543083547086845,11483.0,1.473740665869054,0.6619773433932726,18.093555093555093,14707.0,0.2480812374542449,1.3151732212962326
MRK,Healthcare,2023,60115.0,16126.0,43989.0,4863.0,3035.0,1828.0,1146.0,1512.0,365.0,0.14,6841.0,32168.0,106675.0,25694.0,34983.0,1300.0,33683.0,37581.0,13006.0,3863.0,-4810.0,-14083.0,0.731747483989021,0.08089495134325875,0.05048656741245945,0.006071695916160692,0.009712354647295175,0.003421607686899461,0.5635340988985236,6474.0,1.251965439402195,0.93086932226391,2.648342059336824,9143.0,0.15209182400399235,35.632876712328766
MRK,Healthcare,2024,64168.0,15193.0,48975.0,23311.0,21207.0,2104.0,1271.0,2803.0,17117.0,6.74,13242.0,38782.0,117106.0,28420.0,36962.0,2500.0,34462.0,46313.0,21468.0,3372.0,-7032.0,-7734.0,0.7632308939035033,0.3632807629971325,0.3304918339359182,0.2667528986410672,0.3695938505387256,0.1461667207487234,0.5479480129113794,10362.0,1.3646023926812103,0.7980912486774772,16.685287175452398,18096.0,0.2820097244732577,1.2541917392066366
MRK,Healthcare,2025,65011.0,16382.0,48629.0,25469.0,22424.0,3045.0,1357.0,2804.0,18254.0,7.28,14565.0,43516.0,136866.0,28327.0,49050.0,2300.0,46750.0,52606.0,16472.0,4112.0,-1922.0,-13741.0,0.7480118749134762,0.39176447062804753,0.34492624325114213,0.2807832520650351,0.34699463939474584,0.13337132669910715,0.4749974427542268,15189.0,1.5362022099057437,0.932403147929894,16.524686809137805,12360.0,0.19012167171709404,0.9023775610825024
PFE,Healthcare,2016,52824.0,12322.0,40502.0,15294.0,9537.0,5757.0,1186.0,1123.0,7215.0,1.17,2595.0,38949.0,171615.0,31115.0,35623.0,4225.0,31398.0,59544.0,16192.0,1823.0,-9228.0,-7791.0,0.7667348175071937,0.28952748750567925,0.18054293502953203,0.13658564288959563,0.12117089883111648,0.04204177956472337,0.30780526177781664,7834.0,1.2517756708982806,0.5982634690313046,8.04131534569983,14369.0,0.27201650764803875,2.244213444213444
PFE,Healthcare,2017,52546.0,11228.0,41318.0,19844.0,13575.0,6269.0,1270.0,-9049.0,21308.0,3.52,1342.0,41141.0,171797.0,30427.0,37084.0,3546.0,33538.0,71308.0,16802.0,1956.0,-13350.0,-4740.0,0.7863205572260495,0.37765005899592735,0.25834506908232785,0.4055113614737563,0.2988164020867224,0.12403010529869556,0.3058609870952345,10714.0,1.3521214710618858,0.5200538509003197,10.688976377952756,14846.0,0.2825333993072736,0.7885301295288155
PFE,Healthcare,2018,40825.0,8987.0,31838.0,11294.0,4910.0,6384.0,1316.0,-266.0,11153.0,1.87,1139.0,49926.0,159422.0,31858.0,37685.0,4776.0,32909.0,63407.0,15827.0,1984.0,-20441.0,4525.0,0.7798652786282915,0.27664421310471526,0.12026944274341703,0.2731904470300061,0.17589540587001434,0.06995897680370337,0.256081343854675,18068.0,1.5671416912549438,0.5943350103300897,3.731003039513678,13843.0,0.3390814451928965,1.4190800681431006
PFE,Healthcare,2019,40905.0,8054.0,32851.0,18649.0,12894.0,5755.0,1573.0,583.0,16026.0,2.82,1121.0,32803.0,167594.0,37304.0,37417.0,1462.0,35955.0,63143.0,12588.0,2046.0,-8485.0,-3945.0,0.8031047549199365,0.45591003544798925,0.3152181884855152,0.3917858452511918,0.25380485564512295,0.09562394835137296,0.2440719834838956,-4501.0,0.8793426978340124,0.5925755824081846,8.197075651621105,10542.0,0.2577191052438577,0.7854736053912392
PFE,Healthcare,2020,41651.0,8484.0,33167.0,13166.0,8485.0,4681.0,1449.0,370.0,9159.0,1.63,1786.0,35067.0,154229.0,25920.0,39135.0,2002.0,37133.0,63238.0,14403.0,2226.0,-9649.0,-4271.0,0.7963074115867567,0.3161028546733572,0.2037165974406377,0.21989868190439604,0.14483380246054586,0.05938571863916643,0.2700594570411531,9147.0,1.3528935185185185,0.6188525886334166,5.855762594893029,12177.0,0.2923579265803942,1.5725515886013757
PFE,Healthcare,2021,73636.0,30821.0,42815.0,30793.0,25602.0,5191.0,1291.0,1852.0,21979.0,3.85,1944.0,59693.0,181476.0,42671.0,37831.0,1636.0,36195.0,77201.0,32580.0,2711.0,-9816.0,-22546.0,0.5814411429192243,0.41817860828942366,0.34768319843554785,0.29848172089738717,0.284698384735949,0.12111243360003526,0.4057616434129031,17022.0,1.3989126104380023,0.4900325125322211,19.831138652207592,29869.0,0.4056303981748058,1.4823240365803723
PFE,Healthcare,2022,91793.0,34344.0,57449.0,41031.0,35967.0,5064.0,1238.0,3328.0,31372.0,5.47,416.0,51259.0,197205.0,42138.0,35444.0,2560.0,32884.0,95661.0,29267.0,3236.0,-14834.0,-15783.0,0.6258538232762847,0.4469948688897846,0.3918272635168259,0.3417689802054623,0.3279497391831572,0.1590831875459547,0.46546994244567835,9121.0,1.216455455883051,0.37051672050260814,29.052504038772213,26031.0,0.28358371553386424,0.9329019507841387
PFE,Healthcare,2023,50914.0,24954.0,25960.0,9557.0,3267.0,6290.0,2209.0,-1115.0,2119.0,0.37,2853.0,43333.0,226501.0,47794.0,63792.0,2254.0,61538.0,89014.0,8700.0,3907.0,26066.0,-32278.0,0.509879404485996,0.18770868523392387,0.06416702675099187,0.041619201005617314,0.023805244118902644,0.009355367084472033,0.2247848795369557,-4461.0,0.9066619240908901,0.7166513132765633,1.4789497510185605,4793.0,0.09413913658325804,4.105710240679566
PFE,Healthcare,2024,63627.0,17851.0,45776.0,18127.0,11114.0,7013.0,3091.0,-28.0,8031.0,1.41,1043.0,50358.0,213396.0,42995.0,61152.0,3747.0,57405.0,88203.0,12744.0,2909.0,-17140.0,2652.0,0.719443003756267,0.28489477737438507,0.17467427350024362,0.1262200009429959,0.09105132478487127,0.03763425743687792,0.2981639768318057,7363.0,1.1712524712175834,0.6933097513690011,3.5956001294079587,9835.0,0.15457274427522907,1.5868509525588346
PFE,Healthcare,2025,62579.0,16067.0,46512.0,16783.0,10191.0,6592.0,2671.0,-266.0,7771.0,1.36,1142.0,42898.0,208160.0,36984.0,64638.0,2997.0,61641.0,86476.0,11704.0,2629.0,-10304.0,-1351.0,0.7432525288035923,0.2681890090925071,0.16285015740104508,0.12417903769635182,0.0898630833988621,0.037331860107609534,0.3006293235972329,5914.0,1.1599069868051048,0.747467505435034,3.8154249344814675,9075.0,0.14501669889259974,1.5061124694376529
ABBV,Healthcare,2016,25638.0,5832.0,19806.0,9765.0,9340.0,425.0,1047.0,1931.0,5953.0,3.63,5100.0,16187.0,66099.0,9781.0,377.0,377.0,,4636.0,7041.0,479.0,-3928.0,,0.7725251579686403,0.3808799438333723,0.3643029877525548,0.23219439893907481,1.284081104400345,0.09006187688164723,0.3878727363500204,6406.0,1.6549432573356508,0.08132010353753236,8.9207258834766,6562.0,0.25594820188782275,1.1827649924407861
ABBV,Healthcare,2017,28216.0,7042.0,21174.0,9970.0,9545.0,425.0,1150.0,2418.0,5309.0,3.3,9303.0,21223.0,70786.0,16641.0,400.0,400.0,,5097.0,9960.0,529.0,-5512.0,-274.0,0.7504252906152538,0.3533456195066629,0.338283243549759,0.1881556563651829,1.0415930939768492,0.07500070635436386,0.3986098946119289,4582.0,1.2753440298059011,0.07847753580537571,8.3,9431.0,0.3342429827048483,1.87605952156715
ABBV,Healthcare,2018,32753.0,7718.0,25035.0,6854.0,6383.0,471.0,1348.0,-490.0,5687.0,3.66,7289.0,16945.0,59352.0,17239.0,3699.0,3699.0,,-8446.0,13427.0,638.0,-14396.0,-1006.0,0.7643574634384637,0.20926327359325864,0.1948829114890239,0.17363294965346684,,0.09581816956463135,0.5518432403288853,-294.0,0.9829456464992169,,4.735163204747774,12789.0,0.3904680487283608,2.3609987691225602
ABBV,Healthcare,2019,33266.0,7439.0,25827.0,13447.0,12983.0,464.0,1784.0,544.0,7882.0,5.28,39924.0,49519.0,89115.0,15585.0,67233.0,0.0,67233.0,-8172.0,13324.0,552.0,18708.0,596.0,0.7763782841339506,0.40422653760596405,0.3902783622918295,0.23693861600432875,,0.08844751164226,0.37329293609381137,33934.0,3.177350016041065,,7.2774663677130045,12772.0,0.38393554981061745,1.6904339000253743
ABBV,Healthcare,2020,45804.0,15387.0,30417.0,12029.0,11363.0,666.0,2454.0,-1224.0,4616.0,2.72,8449.0,24173.0,150565.0,28661.0,84982.0,34.0,84948.0,13076.0,17588.0,798.0,-11501.0,-37557.0,0.6640686402934242,0.26261898524146365,0.24807877041306436,0.10077722469653305,0.3530131538696849,0.030657855411284164,0.30421412678909443,-4488.0,0.8434109068071596,6.499082288161517,4.63039934800326,16790.0,0.3665618723255611,3.8102253032928943
ABBV,Healthcare,2021,56197.0,17446.0,38751.0,18727.0,17924.0,803.0,2423.0,1440.0,11542.0,6.45,9746.0,27928.0,146529.0,35194.0,75976.0,14.0,75962.0,15408.0,22777.0,787.0,-19039.0,-2344.0,0.6895563820132747,0.3332384290976387,0.31894941011086003,0.2053846290727263,0.7490913811007269,0.07876939035958752,0.3835213507223826,-7266.0,0.7935443541512758,4.930944963655244,7.397441188609162,21990.0,0.39130202679858356,1.973401490209669
ABBV,Healthcare,2022,58054.0,17414.0,40640.0,18895.0,18117.0,778.0,2230.0,1632.0,11836.0,6.63,9201.0,28463.0,138805.0,29538.0,63129.0,1.0,63128.0,17254.0,24943.0,695.0,-24803.0,-623.0,0.7000378957522306,0.3254728356357874,0.31207151961966445,0.20387914700106796,0.6859858583516866,0.08527070350491697,0.4182414178163611,-1075.0,0.9636062021802424,3.6588037556508635,8.124215246636771,24248.0,0.41768009094980535,2.107384251436296
ABBV,Healthcare,2023,54318.0,20415.0,33903.0,13509.0,12757.0,752.0,2224.0,1377.0,4863.0,2.72,12814.0,33002.0,134711.0,37841.0,59245.0,0.0,59245.0,10360.0,22839.0,777.0,-17222.0,-2009.0,0.6241577377664862,0.2487020877057329,0.23485768990021724,0.0895283331492323,0.4694015444015444,0.036099501896652834,0.40321874234472316,-4839.0,0.8721228297349436,5.718629343629344,5.736061151079137,22062.0,0.40616370264000884,4.696483652066625
ABBV,Healthcare,2024,56334.0,16904.0,39430.0,9901.0,9137.0,764.0,2808.0,-570.0,4278.0,2.39,5524.0,25582.0,135161.0,38749.0,66841.0,0.0,66841.0,3325.0,18806.0,974.0,-5211.0,-20820.0,0.6999325451769801,0.17575531650513013,0.16219334682429792,0.0759399297049739,1.2866165413533834,0.03165114197142667,0.4167918260444951,-13167.0,0.6601976825208392,20.102556390977444,3.2539173789173788,17832.0,0.31654063265523485,4.395979429640018
ABBV,Healthcare,2025,61160.0,18204.0,42956.0,15837.0,15075.0,762.0,2893.0,2364.0,4226.0,2.36,5229.0,29062.0,133960.0,43289.0,67002.0,2499.0,64503.0,-3270.0,19030.0,1214.0,-12724.0,-6643.0,0.7023544800523218,0.258943754087639,0.24648463047743624,0.06909744931327665,,0.03154673036727381,0.4565541952821738,-14227.0,0.6713483794959458,,5.210853784998272,17816.0,0.29130150425114454,4.503076194983436
XOM,Energy,2016,200628.0,,,30730.0,8422.0,22308.0,453.0,-406.0,7840.0,1.88,3657.0,41416.0,330314.0,47638.0,30660.0,2960.0,27700.0,167325.0,22082.0,16163.0,-9293.0,-12403.0,,0.15316904918555735,0.04197818848814722,0.039077297286520325,0.04685492305393695,0.023734991553491527,0.607385699667589,-6222.0,0.8693899827868509,0.18323621694307485,18.591611479028696,5919.0,0.029502362581494107,2.8165816326530613
XOM,Energy,2017,237162.0,,,39168.0,19275.0,19893.0,601.0,-1174.0,19710.0,4.63,3177.0,47134.0,348691.0,57771.0,27866.0,4766.0,23100.0,187688.0,30066.0,15402.0,-15130.0,-15730.0,,0.16515293343790322,0.08127355984516912,0.08310774913350367,0.10501470525553046,0.056525691801623784,0.6801494733159158,-10637.0,0.8158764778175901,0.14846980094625123,32.07154742096506,14664.0,0.06183115338882283,1.5254185692541857
XOM,Energy,2018,279332.0,,,50464.0,31719.0,18745.0,766.0,9532.0,20840.0,4.88,3042.0,47973.0,346196.0,57138.0,4070.0,4070.0,,191794.0,36014.0,19574.0,-19446.0,-16446.0,,0.18065957355405038,0.11355304798590925,0.0746065613678347,0.10865824791182206,0.06019711377370045,0.8068608533894095,-9165.0,0.8395988659036018,0.021220684692951814,41.40861618798956,16440.0,0.058854696203800495,1.7281190019193857
XOM,Energy,2019,255583.0,,,39884.0,20886.0,18998.0,830.0,5282.0,14340.0,3.36,3089.0,50052.0,362597.0,63989.0,1617.0,1617.0,,191650.0,29716.0,24361.0,-6618.0,-23084.0,,0.15605106755926645,0.08171905017156852,0.056107018072407006,0.07482389773023741,0.03954803818012835,0.7048679387860352,-13937.0,0.7821969400990795,0.008437255413514219,25.163855421686748,5355.0,0.02095209775298044,2.0722454672245467
XOM,Energy,2020,178574.0,,,18284.0,-27725.0,46009.0,1158.0,-5632.0,-22440.0,-5.25,4364.0,44893.0,332750.0,56363.0,2930.0,2930.0,,157150.0,14668.0,17282.0,5285.0,-18459.0,,0.10238892559947137,-0.15525776428819424,-0.1256621904644573,-0.142793509385937,-0.06743801652892562,0.5366611570247933,-11470.0,0.7964977023934141,0.018644607063315305,-23.942141623488773,-2614.0,-0.014638189210075375,-0.6536541889483066
XOM,Energy,2021,276692.0,,,52788.0,32181.0,20607.0,947.0,7636.0,23040.0,5.39,6802.0,59154.0,338923.0,56643.0,2392.0,2392.0,,168577.0,48129.0,12076.0,-35423.0,-10235.0,,0.19078253075621993,0.11630621774391743,0.08326948375811372,0.13667344892838287,0.06798004266455802,0.8163860227839361,2511.0,1.0443302791165723,0.014189361538050862,33.98204857444562,36053.0,0.13030011709771153,2.0889322916666666
XOM,Energy,2022,413680.0,,,102591.0,78551.0,24040.0,798.0,20176.0,55740.0,13.26,29640.0,97631.0,369067.0,69045.0,181.0,181.0,,195049.0,76797.0,18407.0,-39114.0,-14742.0,,0.24799603558305938,0.1898834848191839,0.13474182943337845,0.2857743438828192,0.151029487870766,1.120880490534239,28586.0,1.414019842131943,0.0009279719455111279,98.43483709273183,58390.0,0.14114774705086056,1.3777717976318622
XOM,Energy,2023,344582.0,,,74273.0,53632.0,20641.0,849.0,15429.0,36010.0,8.89,31539.0,96609.0,376317.0,65316.0,4009.0,4009.0,,204802.0,55369.0,21919.0,-34297.0,-19274.0,,0.2155452112994875,0.15564364940710773,0.10450342734095222,0.17582836105116162,0.0956906012749889,0.9156695020421612,31293.0,1.4791015983832445,0.019575004150350094,63.17078916372203,33450.0,0.0970741361998015,1.537600666481533
XOM,Energy,2024,349585.0,,,73311.0,49869.0,23442.0,996.0,13810.0,33680.0,7.84,23029.0,91990.0,453475.0,70307.0,4892.0,4892.0,,263705.0,55022.0,24306.0,-42789.0,-19938.0,,0.20970865454753493,0.1426520016591101,0.09634280647052934,0.12771847329402172,0.07427090798831247,0.7709024753294007,21683.0,1.3084045685351386,0.018551032403632848,50.06927710843374,30716.0,0.08786418181558134,1.6336698337292161
XOM,Energy,2025,332238.0,,,67864.0,41871.0,25993.0,603.0,11504.0,28844.0,6.7,10681.0,83382.0,448980.0,72330.0,6200.0,6200.0,,259386.0,51970.0,28358.0,-39081.0,-25927.0,,0.20426320890446006,0.12602712513318765,0.08681728158729586,0.11120106713546606,0.06424339614236714,0.7399839636509421,11052.0,1.1527996681874741,0.02390260075717271,69.43781094527363,23612.0,0.07106953449033525,1.8017611981694632
CVX,Energy,2016,110215.0,59321.0,50894.0,17498.0,-1959.0,19457.0,201.0,-1729.0,-497.0,-0.27,6988.0,29619.0,260078.0,31785.0,41446.0,6253.0,35193.0,145556.0,12690.0,18109.0,25.0,-16370.0,0.4617701764732568,0.15876241890849702,-0.017774350133829334,-0.00450936805335027,-0.003414493390859875,-0.0019109651719868654,0.42377671313990417,-2166.0,0.9318546484190656,0.28474264200719995,-9.746268656716419,-5419.0,-0.04916753617928594,-25.533199195171026
CVX,Energy,2017,134674.0,75765.0,58909.0,28877.0,9528.0,19349.0,307.0,-48.0,9195.0,4.85,4813.0,28560.0,253806.0,27737.0,40197.0,6720.0,33477.0,148124.0,20338.0,13404.0,-14554.0,-8320.0,0.4374192494468123,0.21442149189895598,0.07074862259975942,0.06827598497111544,0.062076368448057036,0.03622845795607669,0.5306178734939284,823.0,1.0296715578469193,0.2713739839593854,31.035830618892508,6934.0,0.05148729524629847,2.2118542686242524
CVX,Energy,2018,158902.0,94578.0,64324.0,40742.0,21323.0,19419.0,748.0,5715.0,14824.0,7.74,9342.0,34021.0,253863.0,27171.0,28730.0,5000.0,23730.0,154554.0,30618.0,13792.0,-13699.0,-12290.0,0.40480296031516283,0.2563970245811884,0.1341896263105562,0.0932902040251224,0.09591469648148868,0.05839370053926724,0.6259360363660714,6850.0,1.2521070258731737,0.18588972139187598,28.50668449197861,16826.0,0.1058891643906307,2.0654344306529953
CVX,Energy,2019,139865.0,80113.0,59752.0,35552.0,6334.0,29218.0,798.0,2691.0,2924.0,1.54,6911.0,28329.0,237428.0,26530.0,23784.0,5054.0,18730.0,144213.0,27314.0,14116.0,-19758.0,-11458.0,0.42721195438458515,0.2541879669681479,0.04528652629321131,0.02090587352089515,0.020275564616227384,0.012315312431558199,0.5890838485772529,1799.0,1.0678100263852244,0.1649227184789166,7.93734335839599,13198.0,0.09436242090587352,9.341313269493844
CVX,Energy,2020,94471.0,52148.0,42323.0,12752.0,-6756.0,19508.0,697.0,-1892.0,-5543.0,-2.96,5596.0,26078.0,239790.0,22183.0,28276.0,2600.0,25676.0,131688.0,10577.0,8922.0,-3736.0,-6965.0,0.44799991531792827,0.13498322236453514,-0.07151400959024462,-0.05867409046162314,-0.04209191422149323,-0.02311605988573335,0.39397389382376247,3895.0,1.175584907361493,0.21471964036206792,-9.69296987087518,1655.0,0.017518603592636895,-1.9081724697817066
CVX,Energy,2021,155606.0,92249.0,63357.0,40276.0,22351.0,17925.0,712.0,5950.0,15625.0,8.14,5640.0,33738.0,239535.0,26791.0,30622.0,4946.0,25676.0,139067.0,29187.0,8056.0,-23113.0,-5865.0,0.4071629628677557,0.2588332069457476,0.143638420112335,0.10041386578923692,0.11235591477489268,0.06523055085895589,0.6496169662053562,6947.0,1.2593034974431712,0.22019602062315285,31.39185393258427,21131.0,0.1357981054715114,1.867968
CVX,Energy,2022,235717.0,145416.0,90301.0,66509.0,50190.0,16319.0,516.0,14066.0,35465.0,18.28,17678.0,50343.0,257709.0,34208.0,2694.0,2694.0,,159282.0,49602.0,11974.0,-24978.0,-12108.0,0.38309074016723443,0.28215614486863483,0.2129248208656991,0.15045584323574457,0.22265541618010823,0.13761645887415652,0.9146634382190766,16135.0,1.4716732927970066,0.016913398877462613,97.26744186046511,37628.0,0.15963210120610732,1.3986183561257577
CVX,Energy,2023,196913.0,119196.0,77717.0,47379.0,30053.0,17326.0,469.0,8173.0,21369.0,11.36,8178.0,41128.0,261632.0,32258.0,1650.0,1650.0,,160957.0,35609.0,15829.0,-30109.0,-15232.0,0.39467683697876726,0.24060879677827263,0.15262070051240903,0.10852000629719724,0.13276216629286083,0.08167578889432485,0.7526334699119374,8870.0,1.2749705499411,0.010251185099125853,64.07889125799574,19780.0,0.1004504527380112,1.666385886096682
CVX,Energy,2024,193414.0,119206.0,74208.0,45382.0,28100.0,17282.0,594.0,9757.0,17661.0,9.72,8262.0,40911.0,256938.0,38558.0,4012.0,4012.0,,152318.0,31492.0,16448.0,-23472.0,-8936.0,0.38367439792362495,0.23463658266723195,0.1452842090024507,0.09131190089652248,0.11594821360574588,0.06873642668659365,0.752765258544863,2353.0,1.0610249494268376,0.026339631560288346,47.30639730639731,15044.0,0.0777813395100665,1.7831379876564182
CVX,Energy,2025,184432.0,108214.0,76218.0,41092.0,20960.0,20132.0,1217.0,7258.0,12299.0,6.63,7285.0,38552.0,324012.0,33387.0,2345.0,2345.0,,186450.0,33939.0,17347.0,-19063.0,-15911.0,0.4132580029495966,0.22280298429773576,0.11364622191376768,0.06668582458575519,0.06596406543309198,0.03795847067392566,0.5692134859202745,5165.0,1.1547009315002845,0.012577098417806382,17.222678718159408,16592.0,0.08996269627830311,2.759492641678185
